id,segment_id,scene_id,start,end
003-2,0,0,0:49,0:55
003-2,1,1,1:45,1:50
004-1,0,0,0:01,0:07
005-3,0,0,1:25,1:37
005-3,1,1,1:35,1:37
005-3,2,2,0:11,0:17
006-2,0,0,1:04,1:15
007-2,0,0,0:23,0:27
007-2,1,1,0:29,0:31
007-3,0,0,1:02,1:02
007-3,1,1,1:07,1:07
008-2,0,0,0:03,0:14
008-2,1,1,0:29,0:36
008-2,2,2,0:29,0:36
008-2,3,3,0:56,1:02
008-2,4,4,1:00,1:06
008-2,5,5,1:02,1:03
008-2,6,6,1:03,1:12
009-2,0,0,0:41,0:45
010-2,0,0,0:33,0:36
012-1,0,0,0:18,0:21
012-2,0,0,0:01,0:09
012-2,1,1,0:10,0:14
013-1,0,0,0:13,0:16
013-3,0,0,0:50,0:55
014-1,0,0,0:08,0:11
014-2,0,0,0:00,1:50
015-1,0,0,0:00,0:03
015-1,1,0,0:10,0:14
015-1,2,0,0:19,0:28
015-1,3,0,0:33,0:42
015-1,4,0,0:56,0:57
015-1,5,0,1:05,1:11
015-1,6,0,1:21,1:23
015-1,7,0,1:30,1:35
015-2,0,0,0:59,1:03
015-2,1,0,0:15,0:18
015-2,2,1,0:00,0:03
015-2,3,1,0:12,0:14
015-2,4,1,0:24,0:28
015-2,5,1,0:33,0:42
015-2,6,1,1:04,1:10
015-2,7,1,1:29,1:33
016-1,0,0,0:07,0:10
017-1,0,0,0:28,0:33
017-1,1,0,0:46,0:49
017-1,2,0,1:08,1:16
017-1,3,0,1:23,1:29
018-1,0,0,0:50,1:01
018-1,1,1,1:10,1:18
019-1,0,0,1:37,1:47
019-3,0,0,1:37,1:41
020-3,0,0,1:01,1:03
021-3,0,0,0:11,0:18
021-3,1,0,0:26,0:36
021-3,2,0,1:06,1:13
022-1,0,0,0:22,0:29
022-2,0,0,0:10,0:15
023-2,0,0,1:01,1:09
024-2,0,0,0:34,0:45
027-1,0,0,0:16,0:29
027-2,0,0,0:00,0:02
027-2,1,1,1:45,1:47
028-3,0,0,0:00,0:23
030-1,0,0,0:12,0:14
032-1,0,0,0:18,0:29
035-2,0,0,0:54,0:59
036-1,0,0,0:30,0:57
036-1,1,1,0:57,1:15
036-1,2,2,1:16,1:34
037-1,0,0,1:04,1:09
037-1,1,1,1:37,1:38
037-1,2,2,1:34,1:38
037-3,0,0,0:55,1:12
037-3,1,1,1:13,1:27
037-3,2,2,1:28,1:38
039-1,0,0,0:30,0:34
040-2,0,0,1:00,1:07
041-2,0,0,0:05,0:12
041-2,1,0,0:15,0:19
041-2,2,0,0:23,0:30
041-2,3,0,0:56,0:59
042-3,0,0,0:09,0:15
043-1,0,0,0:06,0:20
043-1,1,1,0:26,0:42
043-3,0,0,0:27,0:54
043-3,1,0,0:58,1:03
043-3,2,0,1:11,1:29
043-3,3,0,1:30,1:47
044-1,0,0,0:58,1:04
044-1,1,0,1:06,1:19
044-2,0,0,0:00,0:18
044-3,0,0,0:57,1:20
047-3,0,0,0:09,0:41
049-2,0,0,0:00,0:26
050-1,0,0,1:02,1:17
050-2,0,0,1:20,1:23
050-3,0,0,0:12,0:26
051-1,0,0,0:06,0:18
051-1,1,1,1:13,1:17
051-1,2,2,1:17,1:24
052-1,0,0,0:22,0:28
052-2,0,0,0:40,0:52
052-3,0,0,1:17,1:23
053-1,0,0,0:00,0:23
053-1,1,0,0:30,0:39
053-1,2,0,0:45,0:54
053-1,3,0,1:12,1:31
053-2,0,0,0:00,0:07
053-2,1,0,0:29,0:39
053-2,2,0,0:52,0:54
053-2,3,0,1:21,1:31
055-2,0,0,0:30,0:41
056-3,0,0,0:39,0:41
057-1,0,0,0:20,1:00
057-2,0,0,0:25,0:39
057-2,1,1,0:44,0:52
057-2,2,2,0:54,1:39
058-1,0,0,0:42,0:54
058-2,0,0,0:10,0:22
058-3,0,0,1:18,1:33
059-2,0,0,0:00,0:05
059-2,1,0,0:09,0:53
059-2,2,0,1:07,1:19
059-2,3,0,1:21,1:33
060-2,0,0,0:03,0:08
060-2,1,1,0:52,1:01
060-2,2,2,0:52,1:01
060-2,3,2,1:09,1:38
060-3,0,0,0:21,0:35
060-3,1,1,0:43,0:55
060-3,2,2,1:31,1:41
062-1,0,0,0:10,0:13
062-1,1,1,0:26,0:30
062-1,2,2,0:33,0:40
062-1,3,3,0:42,0:54
062-1,4,4,1:01,1:09
062-1,5,5,1:12,1:23
062-2,0,0,0:15,0:19
062-2,1,1,0:21,0:23
062-2,2,2,0:26,0:30
062-3,0,0,1:17,1:21
063-1,0,0,0:00,0:10
063-2,0,0,0:20,0:39
064-3,0,0,0:34,0:39
064-3,1,0,1:15,1:21
065-2,0,0,0:07,0:08
065-2,1,0,0:15,0:44
065-2,2,0,0:49,0:58
066-3,0,0,0:27,0:32
067-3,0,0,1:00,1:12
068-2,0,0,0:16,0:42
069-1,0,0,0:13,0:19
071-1,0,0,0:28,0:30
071-2,0,0,0:35,0:40
072-2,0,0,0:35,0:45
073-3,0,0,0:00,0:03
073-3,1,0,0:30,0:40
073-3,2,0,1:13,1:16
075-1,0,0,0:15,0:21
076-2,0,0,0:27,0:31
077-1,0,0,0:25,0:31
078-1,0,0,0:10,0:12
078-2,0,0,0:36,0:37
079-1,0,0,0:00,0:01
079-1,1,1,0:02,0:03
079-1,2,2,0:07,0:07
079-2,0,0,0:36,0:39
080-1,0,0,0:19,0:22
080-1,1,0,0:31,0:34
080-2,0,0,0:18,0:36
081-2,0,0,0:15,0:16
082-1,0,0,0:06,0:14
082-3,0,0,0:00,0:15
085-1,0,0,0:07,0:08
085-1,1,0,0:14,0:15
085-1,2,0,0:17,0:17
085-1,3,0,0:20,0:21
085-1,4,0,0:29,0:29
085-1,5,0,0:47,0:53
087-1,0,0,0:00,0:24
087-1,1,0,0:34,0:54
087-1,2,1,0:22,0:54
088-2,0,0,0:25,0:33
088-2,1,0,0:42,0:55
089-2,0,0,0:28,1:06
090-3,0,0,1:30,1:38
091-3,0,0,0:13,0:13
091-3,1,1,0:27,0:29
093-2,0,0,0:16,0:17
093-3,0,0,0:02,0:04
094-3,0,0,0:02,0:08
094-3,1,1,0:30,0:32
095-1,0,0,0:06,0:19
095-3,0,0,0:06,0:19
096-1,0,0,0:18,0:20
096-2,0,0,0:00,0:20
096-3,0,0,0:03,0:06
097-3,0,0,0:00,0:14
097-3,0,1,0:15,0:15
099-1,0,0,0:09,0:10
099-1,1,0,0:29,0:31
099-1,2,0,1:20,1:23
099-1,3,1,0:00,0:01
099-1,4,1,0:05,0:08
099-1,5,1,0:12,0:17
099-1,6,1,0:19,0:20
099-1,7,1,0:22,0:27
099-1,8,1,0:31,0:32
099-1,9,1,0:44,0:46
099-1,10,1,1:11,1:20
099-1,11,2,0:18,0:19
099-1,12,2,0:20,0:21
099-1,13,2,0:38,0:41
099-1,14,2,0:48,0:58
099-1,15,3,0:10,0:12
099-1,16,3,0:15,0:15
099-1,17,4,0:08,0:08
099-1,18,4,0:27,0:29
099-1,19,5,0:17,0:18
099-2,0,0,1:15,1:19
101-1,0,0,0:00,0:02
101-1,1,0,0:04,0:06
101-1,2,0,0:09,0:11
101-1,3,0,0:14,0:30
101-1,4,0,0:33,0:36
101-1,5,0,0:38,0:46
101-2,0,0,0:12,0:15
101-2,1,0,0:36,0:42
102-1,0,0,0:04,0:05
102-1,1,0,0:10,1:14
102-3,0,0,0:00,0:01
102-3,1,1,0:02,0:02
102-3,2,1,0:05,0:08
102-3,3,1,0:20,0:21
102-3,4,1,0:39,0:42
102-3,5,1,0:50,1:00
102-3,6,1,1:02,1:07
102-3,7,1,1:09,1:09
102-3,8,2,0:03,0:04
102-3,9,2,0:09,0:12
102-3,10,2,0:19,0:19
102-3,11,2,0:24,0:25
102-3,12,2,0:30,0:32
102-3,13,2,0:37,0:38
102-3,14,2,0:43,0:45
102-3,15,2,0:46,0:49
102-3,16,2,1:01,1:01
102-3,17,2,1:08,1:08
102-3,18,2,1:10,1:19
104-3,0,0,0:00,0:03
104-3,1,0,0:21,0:21
104-3,2,0,0:25,0:27
105-1,0,0,0:00,0:12
105-3,0,0,0:00,0:06
105-3,1,0,0:08,0:12
105-3,2,0,0:15,0:15
105-3,3,1,0:07,0:07
105-3,4,1,0:16,0:16
105-3,5,2,0:13,0:14
105-3,6,2,0:20,0:20
105-3,7,2,0:30,0:30
105-3,8,2,0:35,0:35
105-3,9,2,0:43,0:45
105-3,10,3,0:17,0:17
105-3,11,3,0:23,0:23
105-3,12,4,0:18,0:18
105-3,13,4,0:19,0:19
105-3,14,4,0:37,0:39
105-3,15,5,0:21,0:22
105-3,16,6,0:24,0:24
105-3,17,6,0:31,0:34
105-3,18,7,0:27,0:29
105-3,19,8,0:36,0:36
105-3,20,9,0:40,0:41
105-3,21,10,0:42,0:42
105-3,22,11,0:46,0:46
105-3,23,12,0:47,0:48
108-1,0,0,0:18,0:27
108-2,0,0,0:41,0:42
109-2,0,0,0:20,0:23
109-2,1,0,0:39,0:43
110-1,0,0,0:00,0:04
110-1,1,0,0:20,0:28
111-2,0,0,0:07,0:15
111-2,0,0,0:50,0:56
111-3,0,0,0:05,0:14
112-3,0,0,0:39,0:42
112-3,1,0,0:45,0:47
112-3,2,1,0:51,0:52
112-3,3,2,0:53,1:01
112-3,4,2,1:07,1:08
114-2,0,0,0:45,1:29
115-1,0,0,0:02,1:48
116-3,0,0,0:21,0:38
116-3,1,0,0:56,1:22
121-3,0,0,0:19,0:23
122-1,0,0,0:39,0:48
122-2,0,0,0:35,0:54
122-3,0,0,0:14,0:35
123-1,0,0,0:33,0:42
123-2,0,0,1:53,1:57
124-3,0,0,0:00,0:07
124-3,1,0,0:35,0:48
125-1,0,0,0:26,0:29
125-3,0,0,0:39,0:56
126-1,0,0,0:01,0:27
126-3,0,0,0:19,0:24
127-1,0,0,0:28,0:33
127-1,1,0,1:10,1:39
127-2,0,0,1:10,1:15
127-2,1,0,1:18,1:20
127-2,2,0,1:35,1:39
127-2,3,1,0:28,0:33
127-2,4,1,1:10,1:39
128-3,0,0,0:00,0:16
129-3,0,0,0:23,0:29
130-3,0,0,0:18,0:25
133-3,0,0,0:03,0:11
134-1,0,0,0:02,0:05
135-1,0,0,0:00,0:01
135-1,1,0,0:03,0:04
135-1,2,0,0:06,0:06
135-1,3,0,0:08,0:08
135-1,4,0,0:11,0:11
135-1,5,0,0:14,0:20
135-1,6,0,0:22,0:24
135-1,7,0,0:27,0:27
135-1,8,0,0:29,0:29
136-3,0,0,0:38,0:39
137-2,0,0,0:13,0:40
137-3,0,0,0:07,0:07
137-3,1,1,0:10,0:10
137-3,2,2,0:44,0:44
137-3,3,3,0:47,0:47
137-3,4,4,0:48,0:48
138-1,0,0,0:00,0:30
138-3,0,0,0:01,0:01
138-3,1,1,0:08,0:08
138-3,2,2,0:16,0:16
139-2,0,0,0:02,0:13
140-1,0,0,0:00,0:42
141-1,0,0,0:15,0:17
142-1,0,0,0:00,0:14
143-2,0,0,0:07,0:12
143-2,1,0,0:17,0:31
143-3,0,0,0:00,0:09
145-1,0,0,0:21,0:41
147-1,0,0,0:13,0:14
147-1,1,0,0:15,0:15
147-1,2,0,0:16,0:16
147-1,3,0,0:17,0:17
147-1,4,0,0:18,0:18
147-1,5,0,0:19,0:19
147-1,6,0,0:20,0:20
147-1,7,0,0:23,0:23
147-1,8,0,0:24,0:24
147-1,9,1,0:25,0:26
147-1,10,1,0:27,0:28
147-1,11,1,0:29,0:29
147-1,12,1,0:30,0:30
147-1,13,1,0:31,0:31
147-1,14,1,0:33,0:33
147-1,15,2,0:34,0:34
147-1,16,2,0:36,0:36
147-1,17,2,0:37,0:37
147-1,18,2,0:38,0:38
147-1,19,2,0:39,0:39
147-1,20,2,0:40,0:40
147-1,21,2,0:41,0:41
147-1,22,3,0:43,0:44
147-1,23,3,0:45,0:47
147-1,24,3,0:48,0:48
147-1,25,3,0:50,0:50
147-1,26,3,0:51,0:51
147-1,27,4,0:52,0:52
147-1,28,4,0:53,0:53
147-1,29,4,0:55,0:55
147-1,30,4,0:56,0:56
147-1,31,5,0:58,0:58
147-1,32,5,0:59,0:59
147-1,33,5,1:00,1:00
147-1,34,5,1:01,1:01
147-1,35,6,1:04,1:04
147-1,36,6,1:05,1:05
147-1,37,6,1:06,1:06
147-1,38,6,1:07,1:07
147-1,39,6,1:09,1:10
147-1,40,7,1:08,1:08
147-3,0,0,0:22,0:23
148-1,0,0,0:09,0:14
148-1,1,0,0:22,0:57
149-1,0,0,0:42,0:47
149-1,1,0,0:50,0:59
150-2,0,0,1:31,1:55
151-2,0,0,0:00,0:05
151-2,1,0,0:29,0:34
151-3,0,0,0:37,0:42
152-2,0,0,0:01,0:05
152-2,1,0,0:39,0:45
153-2,0,0,1:36,1:37
153-3,0,0,1:27,1:28
153-3,1,0,1:33,1:34
154-1,0,0,0:03,0:24
154-3,0,0,0:00,1:00
155-3,0,0,0:15,0:15
155-3,1,0,0:25,0:26
155-3,2,0,0:31,0:33
155-3,3,1,0:37,0:41
155-3,4,1,0:48,0:54
155-3,5,2,1:03,1:05
155-3,6,2,1:11,1:17
155-3,7,3,0:02,0:04
155-3,8,3,1:26,1:29
155-3,9,3,1:33,1:47
156-2,0,0,0:58,1:02
157-2,0,0,0:19,0:26
158-1,0,0,1:03,1:04
158-2,0,0,0:09,0:10
158-2,1,0,0:49,0:50
158-2,2,0,0:53,0:55
160-1,0,0,0:05,0:11
160-1,1,1,0:14,0:26
160-2,0,0,0:51,0:54
161-3,0,0,0:01,0:03
162-1,0,0,0:00,0:36
162-2,0,0,0:36,0:39
162-3,0,0,0:09,0:09
162-3,1,1,0:10,0:11
162-3,2,2,0:37,0:39
163-3,0,0,0:40,0:42
165-2,0,0,0:02,0:14
166-2,0,0,0:56,1:03
166-2,1,0,1:07,1:44
168-1,0,0,0:00,0:16
168-1,1,1,0:16,0:29
168-1,2,2,0:30,0:36
168-2,0,0,0:06,0:07
168-2,1,1,0:25,0:26
168-2,2,2,0:34,0:34
169-1,0,0,0:00,1:01
171-1,0,0,0:13,0:34
171-2,0,0,0:32,0:34
171-3,0,0,0:14,0:33
171-3,1,0,0:43,0:47
172-3,0,0,1:03,1:09
173-1,0,0,0:43,0:46
174-1,0,0,0:00,0:09
174-1,1,0,1:20,1:23
174-2,0,0,0:10,0:10
174-2,1,0,0:40,0:40
175-1,0,0,0:01,0:02
175-1,1,1,0:11,0:12
175-1,2,2,0:22,0:23
175-1,3,3,0:32,0:34
176-1,0,0,1:25,1:32
176-3,0,0,1:18,1:20
177-1,0,0,0:00,1:16
177-2,0,0,0:00,1:15
177-2,1,0,1:21,1:38
177-3,0,0,1:09,1:11
177-3,1,0,1:34,1:38
178-3,0,0,0:00,0:03
178-3,1,0,0:25,1:17
179-1,0,0,0:01,0:40
179-2,0,0,0:19,0:33
179-3,0,0,0:33,0:39
179-3,1,0,0:47,0:52
180-1,0,0,0:00,0:17
180-2,0,0,0:16,0:17
180-3,0,0,0:41,0:42
181-1,0,0,0:04,1:32
181-2,0,0,0:26,0:32
181-2,1,0,0:35,0:56
181-2,2,0,0:58,1:03
181-2,3,0,1:05,1:32
183-1,0,0,0:21,0:26
183-1,1,0,0:29,0:31
183-1,2,0,0:35,0:38
183-1,3,0,0:40,0:44
183-1,4,0,0:47,1:11
185-1,0,0,0:15,1:58
185-3,0,0,0:00,0:37
186-2,0,0,0:09,0:56
187-2,0,0,0:16,0:18
187-2,1,0,0:24,0:27
187-3,0,0,0:17,0:19
188-1,0,0,0:21,0:23
188-3,0,0,0:15,0:38
190-2,0,0,0:32,0:34
190-2,1,0,0:39,0:40
190-2,2,0,0:46,0:50
190-3,0,0,0:47,0:57
192-1,0,0,0:02,0:02
192-1,1,0,0:16,0:17
192-1,2,0,0:54,0:54
192-1,3,0,1:11,1:12
192-1,4,0,1:40,1:42
192-3,0,0,0:00,0:02
192-3,1,0,0:07,0:10
192-3,2,0,0:13,0:14
192-3,3,0,0:22,0:23
192-3,4,0,0:28,0:29
192-3,5,0,0:31,0:33
192-3,6,0,0:36,0:37
192-3,7,0,0:40,0:41
192-3,8,0,0:43,0:46
192-3,9,0,0:48,0:50
192-3,10,0,0:54,0:58
192-3,11,0,1:01,1:02
192-3,12,0,1:05,1:09
192-3,13,0,1:12,1:15
192-3,14,0,1:17,1:18
192-3,15,0,1:22,1:24
192-3,16,0,1:30,1:30
192-3,17,0,1:35,1:36
192-3,18,0,1:42,1:44
193-2,0,0,1:14,1:45
193-3,0,0,0:23,0:29
194-2,0,0,0:04,0:32
194-3,0,0,0:03,0:06
194-3,1,1,1:04,1:08
194-3,2,2,0:00,0:03
195-2,0,0,0:02,0:04
196-2,0,0,0:02,0:02
196-2,1,0,0:05,0:24
196-2,2,0,0:26,0:33
196-2,3,0,0:35,0:39
196-2,4,0,0:41,0:49
196-2,5,0,0:51,0:53
196-2,6,0,1:00,1:03
196-2,7,0,1:08,1:09
196-2,8,0,1:11,1:11
196-2,9,0,1:13,1:16
196-2,10,0,1:18,1:18
196-2,11,0,1:22,1:22
196-2,12,0,1:26,1:31
197-1,0,0,0:00,0:39
197-1,1,0,0:48,1:30
198-1,0,0,0:30,0:45
198-2,0,0,0:01,0:30
198-2,1,0,0:46,0:47
198-2,2,0,0:50,0:53
201-1,0,0,0:00,0:16
202-1,0,0,1:10,1:14
203-2,0,0,0:25,0:36
203-3,0,0,0:25,0:28
203-3,1,0,0:30,0:33
203-3,2,0,0:55,1:03
204-3,0,0,0:30,0:33
204-3,1,1,0:57,1:04
205-3,0,0,0:02,0:35
207-1,0,0,0:17,1:41
208-1,0,0,0:10,0:26
208-1,1,0,0:29,0:33
208-1,2,0,0:37,0:37
208-1,3,0,0:39,0:39
208-1,4,0,0:43,0:47
208-1,5,0,0:49,0:54
208-1,6,0,0:58,1:01
208-1,7,0,1:05,1:07
208-1,8,0,1:09,1:10
208-1,9,0,1:12,1:18
208-1,10,0,1:21,1:32
208-1,11,0,1:36,1:37
208-2,0,0,0:39,0:40
209-2,0,0,0:00,0:53
213-1,0,0,0:59,0:59
213-2,0,0,0:38,0:44
217-1,0,0,0:00,0:53
218-3,0,0,0:14,0:20
218-3,1,0,0:34,0:42
219-1,0,0,0:02,0:52
221-2,0,0,0:33,0:35
221-2,1,0,0:40,0:52
222-2,0,0,0:33,0:35
224-2,0,0,0:09,0:11
224-2,1,0,0:33,0:34
224-3,0,0,0:03,0:03
224-3,1,1,0:04,0:06
224-3,2,2,0:10,0:11
224-3,3,3,0:19,0:22
226-1,0,0,0:00,0:20
226-1,1,1,0:20,1:04
226-1,2,2,1:04,1:35
226-3,0,0,0:16,0:20
226-3,1,1,1:02,1:04
226-3,2,2,1:35,1:40
227-1,0,0,0:12,0:13
227-3,0,0,1:18,1:26
228-1,0,0,0:02,0:03
230-2,0,0,0:48,0:58
231-2,0,0,0:13,0:14
231-2,1,1,0:15,0:17
231-2,2,1,0:21,0:24
234-1,0,0,0:12,0:21
234-3,0,0,0:50,0:59
235-3,0,0,0:14,0:23
240-3,0,0,0:26,0:27
242-1,0,0,0:08,0:17
242-1,1,1,0:30,0:40
242-1,2,2,0:40,0:46
242-1,3,3,0:46,0:50
242-1,4,4,0:58,1:06
242-1,5,5,1:06,1:18
242-1,6,6,1:22,1:25
242-3,0,0,0:00,1:47
243-2,0,0,0:03,0:13
243-2,1,0,0:21,0:27
243-2,2,1,0:14,0:19
243-2,3,2,0:27,0:31
243-2,4,2,0:40,0:48
243-2,5,2,0:58,1:29
243-2,6,3,0:32,0:38
243-2,7,4,0:50,0:58
244-2,0,0,0:30,0:31
245-1,0,0,0:57,1:10
246-1,0,0,0:00,1:00
246-3,0,0,0:55,1:00
247-3,0,0,0:50,0:51
248-2,0,0,0:06,0:13
248-2,1,1,0:13,0:24
248-2,2,2,0:24,0:33
248-2,3,3,0:33,0:41
248-3,0,0,0:35,0:41
249-2,0,0,0:02,0:09
249-3,0,0,0:42,0:48
250-3,0,0,0:13,0:13
250-3,1,0,0:15,0:16
250-3,2,0,0:18,0:27
250-3,3,0,0:30,0:31
250-3,4,0,0:33,0:35
250-3,5,0,0:39,0:39
250-3,6,0,0:44,0:46
250-3,7,0,0:51,0:52
250-3,8,0,1:06,1:07
251-3,0,0,0:21,0:29
251-3,1,1,0:29,0:38
252-2,0,0,0:07,0:15
252-2,1,1,0:21,0:23
252-3,0,0,0:54,1:01
254-1,0,0,0:14,0:15
254-1,1,0,1:32,1:33
255-2,0,0,0:36,0:43
255-2,1,1,1:18,1:19
255-2,2,2,1:32,1:32
255-3,0,0,1:21,1:25
256-2,0,0,0:21,0:25
257-3,0,0,1:14,1:15
258-2,0,0,0:51,0:54
258-3,0,0,1:01,1:04
259-3,0,0,0:34,0:35
261-1,0,0,0:01,0:03
261-2,0,0,0:00,0:03
261-3,0,0,0:19,0:22
261-3,1,1,0:17,0:18
261-3,2,2,0:23,0:24
262-2,0,0,0:25,0:25
262-3,0,0,0:36,0:37
263-3,0,0,0:51,0:56
264-1,0,0,0:18,0:19
264-2,0,0,0:18,0:19
264-3,0,0,0:26,0:26
265-2,0,0,0:01,0:02
265-3,0,0,0:47,0:51
266-3,0,0,0:50,0:51
267-3,0,0,0:05,0:08
267-3,1,0,0:14,0:18
267-3,2,0,0:22,0:23
267-3,3,0,0:39,0:42
267-3,4,0,0:45,0:46
267-3,5,0,0:56,0:59
267-3,6,0,1:02,1:02
267-3,7,0,1:04,1:04
267-3,8,0,1:09,1:12
267-3,9,0,1:23,1:23
267-3,10,0,1:29,1:31
268-2,0,0,0:07,0:10
271-2,0,0,0:00,0:28
272-2,0,0,0:15,0:38
272-3,0,0,0:00,0:39
273-1,0,0,0:00,0:01
273-3,0,0,0:00,0:00
273-3,1,0,0:07,0:12
273-3,2,0,0:18,0:32
274-1,0,0,0:00,1:06
275-2,0,0,0:00,0:28
276-3,0,0,0:00,0:04
276-3,1,0,0:05,0:53
278-1,0,0,0:00,0:52
278-3,0,0,0:53,1:11
279-2,0,0,0:09,1:23
279-3,0,0,0:00,1:23
281-1,0,0,0:17,0:29
281-2,0,0,0:05,0:58
281-3,0,0,0:53,0:58
282-1,0,0,0:29,0:30
283-3,0,0,0:20,0:22
283-3,1,1,0:29,0:31
285-3,0,0,1:09,1:17
285-3,1,1,1:21,1:27
286-3,0,0,1:02,1:42
287-2,0,0,0:18,0:26
287-2,1,0,0:27,0:34
287-2,2,0,0:38,0:47
287-2,3,0,0:58,1:06
287-2,4,0,1:10,1:13
287-2,5,0,1:25,1:30
288-2,0,0,0:10,0:57
289-3,0,0,0:24,0:25
289-3,1,1,0:51,0:56
301-3,0,0,4:35,5:23
303-1,0,0,1:31,1:37
304-1,0,0,2:54,3:08
304-3,0,0,5:25,5:28
304-3,1,0,5:44,6:19
304-3,2,0,7:25,7:33
305-1,0,0,0:24,0:30
306-2,0,0,1:25,1:26
306-2,1,1,1:27,1:29
306-3,0,0,3:49,3:58
307-1,0,0,2:22,2:25
307-1,1,1,2:53,2:56
307-2,0,0,0:38,0:41
307-2,1,1,4:48,4:57
308-1,0,0,0:20,0:25
308-2,0,0,3:06,3:15
309-1,0,0,0:21,0:29
309-1,1,0,0:43,0:51
309-1,2,0,1:09,1:12
309-1,3,0,1:30,1:33
309-1,4,0,1:36,1:37
309-1,5,0,1:58,2:01
309-1,6,0,2:23,2:29
309-1,7,0,2:34,2:42
309-1,8,0,3:06,3:09
309-1,9,0,3:15,3:18
309-1,10,0,3:24,3:26
309-1,11,0,3:45,3:50
309-1,12,0,4:03,4:04
309-1,13,0,4:33,4:35
309-1,14,0,4:55,4:56
309-1,15,0,4:57,5:01
309-1,16,0,5:12,5:27
310-1,0,0,3:31,3:37
311-1,0,0,2:58,3:00
311-1,1,1,3:07,3:12
311-2,0,0,1:11,1:17
311-2,1,1,1:28,1:42
311-2,2,2,1:43,1:59
311-3,0,0,3:42,3:45
311-3,1,1,3:57,4:01
311-3,2,2,4:14,4:19
312-2,0,0,2:00,2:06
313-2,0,0,0:45,0:50
313-3,0,0,0:39,4:44
315-2,0,0,1:28,1:28
315-2,1,1,1:29,1:30
315-2,2,2,1:31,1:32
315-3,0,0,0:11,0:17
315-3,1,1,4:48,4:52
315-3,2,2,3:48,3:51
316-1,0,0,0:09,0:23
316-1,1,0,0:38,0:49
316-1,2,0,1:35,2:51
316-1,3,0,3:49,4:53
316-1,4,0,4:58,5:06
316-1,5,0,6:03,7:37
316-2,0,0,4:33,4:46
317-2,0,0,4:11,4:33
317-2,1,0,6:36,6:50
317-3,0,0,0:36,2:36
317-3,1,1,3:46,4:22
317-3,2,2,4:49,5:04
317-3,3,3,5:04,5:43
318-1,0,0,0:22,0:44
321-2,0,0,0:04,0:07
321-2,1,1,2:06,2:11
321-2,2,2,5:00,5:00
323-2,0,0,4:54,5:04
323-3,0,0,0:52,0:57
323-3,1,1,3:36,3:40
323-3,2,2,5:51,5:57
325-2,0,0,10:15,10:22
325-3,0,0,13:39,13:40
326-2,0,0,3:32,3:34
327-2,0,0,0:50,0:57
327-2,1,1,4:10,4:15
327-2,2,2,4:28,4:33
327-3,0,0,4:00,4:17
330-2,0,0,3:33,3:39
330-3,0,0,7:04,7:35
332-1,0,0,0:24,0:25
332-1,1,1,4:59,5:08
332-1,2,2,3:54,3:59
333-1,0,0,1:23,1:26
333-2,0,0,3:04,3:11
334-3,0,0,0:34,0:35
334-3,1,1,1:59,2:01
334-3,2,2,3:56,3:58
335-1,0,0,0:28,0:50
335-1,1,1,7:13,7:14
335-1,2,2,7:23,7:30
335-1,3,3,7:44,7:55
335-1,4,4,8:41,8:51
335-1,5,5,8:58,9:18
339-3,0,0,5:49,5:54
340-2,0,0,2:16,2:27
342-2,0,0,0:00,0:19
342-2,1,0,0:23,0:59
342-2,2,0,1:43,3:21
342-2,3,0,3:30,3:47
342-2,4,0,3:56,4:47
342-2,5,0,5:03,6:29
342-2,6,0,7:06,7:31
342-2,7,0,7:42,7:47
342-2,8,0,8:08,8:59
342-2,9,0,9:28,9:57
342-3,0,0,5:16,5:43
342-3,1,0,6:02,6:17
342-3,2,0,6:24,6:29
343-1,0,0,1:18,1:18
343-2,0,0,2:05,7:54
344-1,0,0,3:09,3:26
345-1,0,0,0:50,0:56
345-2,0,0,3:55,4:15
346-2,0,0,1:56,2:12
346-2,1,0,3:20,3:25
346-3,0,0,0:16,0:18
346-3,1,0,3:22,3:26
346-3,2,0,4:47,4:55
347-2,0,0,1:43,1:49
347-2,1,0,1:52,1:54
347-2,2,1,1:50,1:51
348-1,0,0,4:09,4:17
349-3,0,0,2:13,2:17
349-3,1,1,4:32,4:40
349-3,2,2,7:56,7:59
349-3,3,3,10:51,11:01
351-1,0,0,0:00,0:10
351-1,1,0,0:22,0:31
351-1,2,0,0:54,1:09
351-1,3,0,1:17,1:20
351-1,4,0,1:47,2:07
351-1,5,0,2:51,3:00
351-1,6,0,3:13,3:25
351-1,7,0,4:07,4:21
351-1,8,0,4:44,4:50
351-1,9,0,5:04,5:20
351-1,10,0,6:10,6:34
351-1,11,0,7:35,7:46
351-1,12,0,9:17,9:33
351-1,13,0,10:33,11:17
351-3,0,0,4:57,4:57
351-3,1,1,5:36,5:43
351-3,2,2,9:55,9:58
352-1,0,0,2:35,2:43
353-1,0,0,0:00,0:13
353-2,0,0,0:35,0:53
353-2,1,0,1:14,1:22
353-2,2,0,2:31,2:50
353-2,3,0,4:08,4:25
353-2,4,0,5:22,5:49
353-2,5,0,7:12,7:27
353-2,6,0,8:27,8:41
353-2,7,0,9:39,10:01
355-2,0,0,2:26,2:34
356-1,0,0,1:58,2:01
356-1,1,0,2:32,2:39
356-3,0,0,7:22,7:24
357-1,0,0,0:28,0:31
357-1,1,0,5:18,5:24
357-1,2,0,9:04,9:08
358-1,0,0,0:07,0:15
358-1,1,1,0:16,0:26
358-1,2,2,0:27,0:37
358-1,3,3,0:38,0:50
358-1,4,4,0:51,0:57
359-2,0,0,1:13,2:36
359-3,0,0,6:01,6:11
359-3,1,1,7:05,7:14
360-2,0,0,0:58,1:05
362-2,0,0,2:45,2:46
362-2,1,1,2:51,2:51
362-2,2,2,2:55,2:56
362-3,0,0,3:31,3:33
362-3,1,0,4:05,4:15
362-3,2,0,4:33,4:38
362-3,3,0,4:47,5:01
362-3,4,0,5:06,5:15
362-3,5,0,6:00,6:12
362-3,6,0,6:16,6:28
363-3,0,0,2:20,2:31
364-3,0,0,4:01,4:19
367-1,0,0,2:55,3:16
368-1,0,0,0:35,0:37
368-3,0,0,3:41,4:00
370-2,0,0,4:28,4:55
370-2,0,0,5:04,5:07
370-2,0,0,5:18,5:24
370-2,0,0,5:42,5:42
371-1,0,0,2:47,2:48
372-1,0,0,3:44,3:47
372-3,0,0,4:12,5:08
373-1,0,0,1:05,1:28
373-1,1,0,1:38,1:40
373-1,2,0,6:45,7:06
373-3,0,0,4:48,4:53
375-1,0,0,7:49,12:46
375-1,1,1,12:46,13:32
375-1,2,2,1:35,2:45
375-1,3,3,2:45,3:37
375-1,4,4,6:12,7:49
375-1,5,5,3:37,6:12
375-3,0,0,0:10,0:19
375-3,1,0,0:26,0:47
375-3,2,0,0:55,1:35
375-3,3,0,3:39,4:02
375-3,4,0,5:43,6:12
375-3,5,0,7:08,7:39
375-3,6,0,7:43,7:49
375-3,7,0,7:52,7:53
375-3,8,0,8:15,8:35
375-3,9,0,9:33,9:44
375-3,10,0,13:40,14:40
375-3,11,1,0:54,0:55
375-3,12,1,2:25,2:45
375-3,13,1,2:48,3:15
375-3,14,1,4:29,4:51
375-3,15,1,4:57,5:00
375-3,16,1,5:06,5:08
375-3,17,1,5:29,5:33
375-3,18,1,6:26,6:53
375-3,19,1,7:02,7:06
375-3,20,1,8:51,9:24
375-3,21,1,9:47,9:51
375-3,22,1,10:00,12:46
375-3,23,1,12:49,13:06
375-3,24,1,13:15,13:27
376-1,0,0,0:18,0:24
376-1,1,0,0:27,0:29
376-1,2,0,0:34,0:38
376-1,3,0,0:46,1:44
376-1,4,0,2:00,3:46
376-1,5,0,3:56,4:58
376-1,6,0,5:16,5:58
376-1,7,0,6:13,6:27
376-2,0,0,2:19,2:20
381-1,0,0,1:07,1:10
381-1,1,1,1:10,1:12
381-1,2,2,1:12,1:13
381-1,3,3,1:13,1:14
384-1,0,0,1:41,1:48
386-1,0,0,0:29,0:38
389-1,0,0,3:58,4:09
389-1,1,0,4:11,4:20
390-1,0,0,0:08,0:08
390-2,0,0,8:42,8:47
391-2,0,0,2:45,2:46
391-3,0,0,10:36,11:04
392-1,0,0,0:34,0:38
392-1,1,0,2:00,2:03
392-1,2,1,0:41,0:47
392-1,3,2,1:25,1:26
392-1,4,2,1:32,1:32
392-1,5,2,1:35,1:36
392-1,6,2,1:40,1:40
392-3,0,0,0:14,0:25
395-1,0,0,1:52,2:05
395-1,1,1,2:11,2:12
397-2,0,0,7:49,8:08
398-1,0,0,2:24,2:42
398-1,1,1,2:43,2:59
398-2,0,0,2:07,6:24
398-2,1,1,9:27,9:44
398-3,0,0,9:54,10:30
399-2,0,0,3:07,3:22
399-2,1,1,3:35,3:39
399-2,2,2,4:07,4:15
399-2,3,3,4:25,4:37
399-2,4,4,6:29,6:54
400-1,0,0,0:14,1:22
400-2,0,0,3:06,3:08
400-2,1,1,3:10,3:10
400-2,2,1,3:13,3:13
400-2,3,1,3:17,3:17
400-3,0,0,4:28,4:28
400-3,1,1,4:36,4:36
400-3,2,2,4:54,4:55
400-3,3,3,4:59,4:59
400-3,4,4,5:04,5:04
400-3,5,5,5:44,5:44
400-3,6,6,5:47,5:47
401-2,0,0,0:04,1:06
401-2,1,0,1:12,2:11
401-2,2,1,2:19,3:10
401-2,3,1,3:14,3:56
402-2,0,0,2:08,2:08
402-2,1,0,3:07,3:08
402-2,2,0,5:08,5:09
402-2,3,0,6:01,6:09
402-3,0,0,0:35,0:37
402-3,1,0,0:39,0:43
402-3,2,0,1:21,1:36
402-3,3,0,1:41,1:51
402-3,4,0,1:58,2:01
402-3,5,0,2:07,2:09
402-3,6,0,2:15,2:15
402-3,7,0,2:19,2:22
402-3,8,0,2:29,2:34
402-3,9,0,2:39,2:41
402-3,10,0,2:53,2:53
403-2,0,0,1:25,1:40
403-3,0,0,0:24,0:28
403-3,1,1,2:51,2:54
403-3,2,1,3:00,3:01
405-2,0,0,7:47,11:08
406-2,0,0,2:44,3:10
406-3,0,0,4:56,5:52
407-1,0,0,1:27,1:27
407-1,1,0,1:42,1:46
407-1,2,0,1:50,1:50
407-1,3,0,1:55,2:02
407-1,4,0,2:14,2:14
407-1,5,0,2:19,2:19
407-1,6,0,2:21,2:22
407-1,7,0,2:29,2:30
407-1,8,0,2:33,2:33
407-1,9,0,2:41,2:42
407-1,10,0,2:46,2:47
407-1,11,0,2:49,2:51
407-1,12,0,3:59,4:02
407-1,13,0,4:04,4:05
407-1,14,0,4:09,4:18
407-1,15,0,4:27,4:29
407-1,16,0,4:58,4:58
407-1,17,0,5:09,5:10
407-1,18,0,5:25,5:28
407-2,0,0,0:00,0:47
407-2,1,0,0:50,0:59
407-2,2,0,1:05,1:10
407-2,3,0,1:13,1:46
407-2,4,0,1:51,2:21
407-2,5,0,2:23,2:46
407-2,6,0,2:53,2:56
407-2,7,0,2:58,3:02
407-2,8,0,3:08,3:11
407-2,9,0,3:17,3:53
407-2,10,0,4:02,4:08
407-2,11,0,4:13,4:22
407-2,12,0,4:29,5:23
407-2,13,0,5:28,5:29
407-2,14,0,5:34,6:55
407-2,15,0,7:03,7:55
407-2,16,0,8:28,8:49
407-2,17,0,8:55,9:04
407-2,18,0,9:08,9:15
407-2,19,0,9:19,9:38
407-2,20,0,9:44,9:48
409-3,0,0,1:19,1:21
410-3,0,0,3:48,4:18
411-2,0,0,0:29,0:41
412-3,0,0,11:12,12:25
413-3,0,0,7:46,11:18
416-1,0,0,0:00,0:18
416-1,1,0,0:24,0:27
416-1,2,0,0:35,0:38
416-2,0,0,1:08,1:32
418-1,0,0,0:00,0:12
418-2,0,0,0:18,0:25
418-3,0,0,1:32,1:37
419-2,0,0,0:54,2:54
419-3,0,0,11:37,12:26
420-2,0,0,6:46,7:50
421-1,0,0,0:00,0:18
421-1,1,1,0:27,0:36
421-2,0,0,0:08,0:40
422-1,0,0,0:00,0:16
422-3,0,0,9:16,9:27
423-1,0,0,0:04,4:27
423-3,0,0,0:54,4:26
425-1,0,0,0:34,2:53
425-1,1,1,3:02,6:52
426-2,0,0,1:43,1:48
426-2,1,0,1:55,2:08
426-2,2,0,2:12,2:13
426-2,3,0,2:17,2:17
426-2,4,0,2:20,2:25
426-3,0,0,0:02,0:07
427-1,0,0,0:51,0:54
427-1,1,0,0:59,1:20
427-1,2,0,1:52,1:54
428-2,0,0,2:11,2:23
428-2,1,0,2:27,2:33
428-2,2,0,3:05,3:22
428-2,3,0,3:29,3:33
428-2,4,0,3:43,3:45
428-2,5,0,3:58,4:02
428-2,6,0,4:21,4:24
428-2,7,0,4:28,4:31
428-2,8,0,4:38,4:39
428-2,9,0,4:53,4:58
428-2,10,0,5:05,5:27
428-2,11,0,5:31,5:34
428-2,12,0,5:39,5:42
428-2,13,0,5:52,6:15
428-2,14,0,6:33,6:38
428-2,15,0,6:50,6:55
428-2,16,0,7:09,7:18
428-2,17,0,7:23,7:30
428-2,18,0,7:44,7:46
428-2,19,0,7:50,8:03
428-2,20,0,10:00,10:04
428-2,21,0,10:23,10:39
428-2,22,0,10:58,11:01
428-2,23,0,11:09,11:13
428-2,24,0,11:21,11:24
428-2,25,0,11:30,11:42
428-2,26,0,11:51,11:56
428-2,27,0,12:08,12:10
428-2,28,0,12:20,12:22
428-2,29,0,12:24,12:29
429-2,0,0,0:53,1:26
429-2,1,0,1:34,1:39
429-3,0,0,2:12,2:14
429-3,1,0,3:16,3:17
429-3,2,0,4:16,4:17
429-3,3,0,4:32,4:34
429-3,4,0,5:42,5:47
429-3,5,0,5:53,5:57
429-3,6,0,6:10,6:11
429-3,7,1,3:39,3:43
429-3,8,2,3:43,3:48
429-3,9,3,3:48,3:52
429-3,10,4,3:53,3:56
429-3,11,5,3:56,4:01
430-3,0,0,0:15,4:49
432-2,0,0,0:07,0:12
433-1,0,0,2:27,2:27
435-1,0,0,0:25,11:07
436-2,0,0,0:55,5:51
436-2,1,1,6:03,6:52
436-2,2,1,7:13,9:54
436-3,0,0,0:07,9:55
437-1,0,0,3:33,3:33
437-1,1,0,3:36,3:38
437-1,2,0,3:46,3:48
437-1,3,0,3:52,4:00
437-1,4,0,4:12,4:13
437-1,5,0,4:20,4:26
437-1,6,0,4:31,4:38
437-1,7,0,5:48,6:08
437-1,8,0,6:57,7:26
437-3,0,0,0:00,0:12
437-3,1,0,0:27,0:34
437-3,2,0,1:07,1:52
437-3,3,0,1:56,4:01
437-3,4,0,4:49,4:51
437-3,5,0,4:53,4:55
437-3,6,0,4:59,4:59
437-3,7,0,5:03,6:34
437-3,8,0,7:29,7:35
437-3,9,0,7:41,8:30
437-3,10,0,9:05,9:22
437-3,11,0,9:30,11:03
437-3,12,0,11:11,11:20
437-3,13,0,11:24,11:27
438-1,0,0,1:46,1:47
438-1,1,1,1:58,2:00
438-1,2,2,2:30,2:32
438-1,3,3,3:24,3:26
438-1,4,4,5:21,5:22
438-1,5,5,5:56,6:00
438-1,6,6,8:43,8:45
438-3,0,0,0:02,0:16
438-3,1,0,2:25,2:29
438-3,2,0,2:36,2:37
438-3,3,0,3:05,3:12
438-3,4,0,3:14,3:19
438-3,5,0,3:21,3:22
438-3,6,0,3:38,3:42
438-3,7,0,4:05,4:09
438-3,8,0,4:15,4:28
438-3,9,0,4:34,4:37
438-3,10,0,5:03,5:11
438-3,11,0,6:24,6:27
438-3,12,0,6:29,6:40
438-3,13,0,6:44,6:53
438-3,14,0,7:21,7:23
438-3,15,0,8:30,8:39
438-3,16,0,10:39,10:44
440-3,0,0,0:22,0:24
441-1,0,0,0:34,0:35
442-3,0,0,3:28,3:28
443-2,0,0,4:14,4:16
443-2,1,1,4:20,4:21
443-2,2,2,4:25,4:26
443-2,3,3,4:29,4:31
443-2,4,4,4:40,4:41
443-2,5,5,4:45,4:46
443-2,6,6,4:49,4:51
443-2,7,7,4:54,4:56
443-2,8,8,4:49,5:01
443-3,0,0,5:19,7:06
445-3,0,0,1:18,1:20
445-3,1,1,1:36,1:37
446-2,0,0,0:11,0:11
446-2,0,0,0:06,10:44
446-2,1,0,0:20,0:20
446-2,2,0,0:29,0:29
446-2,3,0,0:35,0:35
446-2,4,0,0:43,0:49
446-2,5,0,0:58,0:58
446-2,6,0,1:06,1:07
446-2,7,0,1:28,1:31
446-2,8,0,1:34,1:39
446-2,9,0,1:51,1:54
446-2,10,0,2:09,2:09
446-2,11,0,2:11,2:15
446-2,12,0,2:18,2:19
446-2,13,0,2:26,2:26
446-2,14,0,2:33,2:36
446-2,15,0,2:47,2:47
446-2,16,0,2:58,2:59
446-2,17,0,3:03,3:09
446-2,18,0,3:27,3:28
446-2,19,0,3:39,3:39
446-2,20,0,3:52,3:52
446-2,21,0,3:55,3:55
446-2,22,0,4:10,4:10
446-2,23,0,4:22,4:28
446-2,24,0,4:40,4:42
446-2,25,0,4:50,4:51
446-2,26,0,4:54,4:56
446-2,27,0,5:06,5:07
446-2,28,0,5:17,5:20
446-2,29,0,5:26,5:26
446-2,30,0,5:35,5:36
446-2,31,0,5:45,5:50
446-2,32,0,6:02,6:02
446-2,33,0,6:18,6:19
446-2,34,0,6:32,6:32
446-2,35,0,6:44,6:46
446-2,36,0,7:38,7:38
446-2,37,0,7:52,7:52
446-2,38,0,8:19,8:21
446-2,39,0,8:30,8:32
446-2,40,0,8:34,8:34
446-2,41,0,9:16,9:16
446-2,42,0,9:40,9:41
446-2,43,0,9:51,9:51
446-2,44,0,10:01,10:01
446-2,45,0,10:10,10:11
446-2,46,0,10:25,10:27
446-2,47,0,10:38,10:38
447-1,0,0,1:07,10:21
447-3,0,0,7:43,7:46
448-3,0,0,7:58,8:04
448-3,1,1,8:04,8:10
448-3,2,2,8:10,8:18
448-3,3,3,8:18,8:22
449-1,0,0,2:16,2:20
449-2,0,0,0:13,5:22
449-2,1,1,5:30,10:46
450-1,0,0,2:09,2:13
450-1,1,1,8:00,8:03
450-1,2,2,12:58,13:02
450-2,0,0,3:05,3:07
450-2,1,0,7:39,7:41
450-2,2,0,8:42,8:44
450-2,3,1,3:29,3:31
450-2,4,1,3:49,3:51
450-2,5,1,6:19,6:21
450-3,0,0,14:44,14:46
451-1,0,0,0:14,0:15
451-2,0,0,2:21,2:22
452-3,0,0,1:26,2:00
453-1,0,0,2:06,2:11
453-3,0,0,7:32,7:37
454-2,0,0,4:50,5:22
455-1,0,0,0:28,0:38
455-3,0,0,11:43,11:43
456-3,0,0,0:09,1:59
457-2,0,0,1:03,1:06
457-2,1,0,1:11,1:14
457-2,2,1,1:26,1:28
457-2,3,1,1:30,1:32
457-2,4,1,1:34,1:37
459-1,0,0,6:08,6:46
459-3,0,0,8:32,8:32
460-1,0,0,9:37,10:05
460-2,0,0,11:10,11:10
461-3,0,0,2:16,2:19
461-3,1,1,3:14,3:17
461-3,2,2,4:05,4:06
461-3,3,3,4:52,4:57
462-2,0,0,0:02,0:03
464-1,0,0,0:33,0:44
464-1,1,1,0:57,1:08
464-1,2,2,1:21,1:32
464-3,0,0,3:20,3:26
465-1,0,0,1:44,2:08
466-3,0,0,4:37,4:41
467-2,0,0,1:05,2:24
467-2,1,1,0:14,1:05
467-2,2,2,2:24,4:08
467-3,0,0,3:05,3:06
468-1,0,0,1:50,2:14
468-1,1,1,2:14,2:43
468-1,2,2,2:43,3:17
468-1,3,3,3:17,3:47
468-2,0,0,3:15,3:46
469-1,0,0,0:04,1:26
469-2,0,0,5:30,6:22
473-2,0,0,0:16,0:34
474-1,0,0,7:09,7:31
476-1,0,0,3:35,3:43
478-2,0,0,0:04,3:11
478-2,1,1,3:12,7:51
478-2,2,2,7:52,8:57
479-2,0,0,0:01,0:10
480-3,0,0,0:09,2:08
480-3,1,1,2:08,4:23
480-3,2,2,4:23,6:17
480-3,3,3,6:17,8:39
480-3,4,4,8:39,10:32
481-2,0,0,2:48,4:46
481-3,0,0,3:32,3:50
481-3,1,0,4:01,4:03
481-3,2,0,4:16,4:42
483-1,0,0,0:10,1:02
483-1,1,0,1:12,1:38
483-1,2,0,1:51,2:08
483-1,3,0,2:10,2:12
483-1,4,0,2:14,2:15
483-1,5,0,2:18,2:21
483-1,6,0,2:28,2:49
483-1,7,0,2:53,3:08
483-1,8,0,3:17,3:28
483-1,9,0,3:32,3:54
483-1,10,0,4:01,4:21
483-1,11,0,4:31,4:40
484-1,0,0,4:48,4:54
484-3,0,0,1:35,2:16
485-1,0,0,5:42,5:43
485-1,1,0,8:48,8:49
485-1,2,0,8:58,8:58
485-1,3,0,9:11,9:11
485-1,4,0,10:32,10:32
485-3,0,0,4:05,6:58
485-3,1,1,6:58,10:33
486-2,0,0,1:00,3:07
486-2,1,0,3:51,4:44
486-3,0,0,0:31,0:40
487-3,0,0,1:28,10:06
488-1,0,0,0:00,11:48
490-1,0,0,0:00,7:07
490-1,1,1,1:54,2:01
490-1,2,1,3:55,4:05
490-1,3,1,5:26,5:36
490-1,4,1,6:50,6:57
490-3,0,0,2:10,2:15
490-3,1,0,2:47,2:53
490-3,2,0,3:06,3:21
490-3,3,0,3:55,4:05
490-3,4,0,4:11,4:17
490-3,5,0,4:42,4:48
490-3,6,0,4:58,5:08
490-3,7,0,5:11,5:15
490-3,8,0,5:26,5:46
490-3,9,0,5:49,5:57
490-3,10,0,6:12,6:16
490-3,11,0,6:36,6:57
490-3,12,0,7:04,7:07
491-1,0,0,1:31,1:38
492-1,0,0,2:36,2:47
492-2,0,0,1:36,1:41
492-2,1,1,1:45,1:46
492-2,2,2,1:51,1:53
493-2,0,0,1:34,1:36
493-2,0,0,1:39,1:40
493-2,1,1,2:06,2:16
493-2,1,1,2:19,2:21
493-2,1,1,2:23,2:32
493-2,1,1,2:34,2:39
493-2,1,1,2:42,2:45
493-2,1,1,2:48,2:52
493-2,1,1,2:57,3:00
493-2,1,1,3:02,3:03
493-2,1,1,3:13,3:13
493-2,1,1,3:15,3:18
493-2,1,1,3:21,3:25
493-2,1,1,3:27,3:28
493-2,1,1,3:30,3:32
493-2,2,2,3:38,3:40
493-2,2,2,3:44,3:48
493-2,2,2,3:51,3:52
493-2,2,2,3:55,4:04
493-2,3,3,4:30,4:31
493-2,3,3,4:37,4:38
493-2,3,3,4:44,4:50
493-2,3,3,4:53,4:53
493-2,3,3,4:55,4:56
493-2,3,3,4:59,5:00
493-2,3,3,5:02,5:05
493-2,3,3,5:08,5:17
493-2,3,3,5:19,5:20
493-2,3,3,5:23,5:26
493-2,3,3,5:28,5:30
494-1,0,0,0:01,0:03
494-1,1,0,0:07,0:10
494-1,2,0,0:13,0:13
494-1,3,0,0:15,0:16
494-1,4,0,0:19,0:22
494-1,5,0,0:25,0:28
494-1,6,0,0:33,0:44
494-1,7,0,0:49,1:10
494-1,8,0,1:13,1:15
494-1,9,0,1:18,1:18
494-1,10,0,1:21,1:21
494-1,11,0,1:24,1:27
494-1,12,0,1:29,1:29
494-1,13,0,1:32,1:32
494-1,14,0,1:37,1:45
494-1,15,0,1:47,1:51
494-1,16,0,1:53,1:55
494-1,17,0,1:58,2:12
494-1,18,0,2:15,2:35
494-1,19,0,2:37,2:40
494-1,20,0,2:46,2:54
494-1,21,0,2:59,3:15
494-1,22,0,3:19,3:32
494-1,23,0,3:34,3:34
494-1,24,0,3:36,3:50
494-1,25,0,3:55,4:36
494-1,26,0,4:45,4:50
494-1,27,0,4:54,4:55
494-3,0,0,2:53,2:53
495-1,0,0,0:53,1:06
495-1,1,1,1:33,1:35
496-1,0,0,0:02,1:24
496-1,1,1,1:36,1:41
496-1,2,2,1:59,2:00
496-1,3,2,2:03,2:10
496-1,4,2,2:19,2:22
496-1,5,2,2:25,2:26
496-1,6,2,2:29,2:32
496-1,7,2,2:39,2:50
496-1,8,2,2:56,2:59
496-1,9,2,3:23,3:26
497-2,0,0,7:56,8:51
499-1,0,0,0:18,0:48
499-1,1,1,1:03,1:24
499-1,2,2,1:32,1:54
499-2,0,0,0:00,0:49
499-2,1,0,0:50,1:25
499-2,2,0,1:55,2:25
499-2,3,0,2:26,3:07
499-2,4,0,3:08,3:47
499-2,5,0,3:48,4:26
500-1,0,0,1:09,2:30
500-1,1,1,3:13,4:30
500-1,2,2,11:43,12:51
500-1,3,3,13:42,14:36
500-1,4,4,7:33,8:23
501-2,0,0,1:49,1:53
501-2,1,1,2:36,2:41
501-2,2,2,3:22,3:29
501-3,0,0,1:18,1:20
501-3,1,1,1:23,1:26
504-3,0,0,0:02,0:02
505-3,0,0,0:04,0:35
506-2,0,0,1:15,1:18
506-2,1,1,1:47,1:51
506-2,2,2,2:09,2:12
506-2,3,3,5:14,5:15
507-2,0,0,0:06,0:26
507-2,1,1,0:59,1:29
507-2,2,2,1:30,1:45
507-2,3,3,4:42,5:03
507-3,0,0,1:03,1:07
507-3,1,0,1:12,1:13
507-3,2,0,1:25,1:29
508-2,0,0,12:27,12:36
508-3,0,0,0:00,0:01
508-3,1,0,0:23,0:23
508-3,2,0,0:27,0:27
508-3,3,0,0:29,0:30
508-3,4,0,0:32,0:35
508-3,5,0,0:46,0:49
508-3,6,0,0:59,1:01
508-3,7,0,4:28,4:31
508-3,8,0,4:43,4:50
508-3,9,0,4:57,5:00
508-3,10,0,5:17,5:17
508-3,11,0,7:12,7:14
508-3,12,0,7:27,7:29
508-3,13,0,7:32,7:33
508-3,14,0,7:36,7:36
508-3,15,0,7:47,7:47
508-3,16,0,7:54,7:54
508-3,17,0,7:58,7:59
508-3,18,0,8:02,8:04
508-3,19,0,8:09,8:09
508-3,20,0,8:23,8:33
508-3,21,0,12:02,12:04
508-3,22,0,12:06,12:09
508-3,23,0,12:13,12:14
508-3,24,0,12:17,12:19
508-3,25,0,12:26,12:35
508-3,26,0,12:41,12:49
510-2,0,0,0:10,0:11
510-2,1,0,0:14,0:15
510-3,0,0,3:19,3:22
510-3,1,1,4:10,4:13
510-3,2,2,4:58,4:58
512-1,0,0,5:07,5:13
512-1,1,1,5:16,5:17
512-1,2,2,5:21,5:24
513-2,0,0,2:55,4:59
513-3,0,0,0:00,0:01
514-1,0,0,1:58,2:02
514-1,1,1,2:10,2:12
514-3,0,0,4:00,4:11
514-3,1,1,4:12,4:12
515-1,0,0,2:56,3:12
515-1,1,1,1:53,1:55
515-1,2,2,2:44,2:47
516-1,0,0,4:29,4:30
516-1,1,0,4:32,4:34
516-1,2,0,4:37,4:45
516-1,3,0,4:48,4:49
516-1,4,0,5:09,5:16
516-1,5,0,5:44,5:45
516-1,6,0,5:52,5:56
516-1,7,0,5:59,6:01
516-1,8,0,6:20,6:22
516-1,9,0,6:26,6:30
519-1,0,0,0:00,0:06
519-1,1,1,0:07,0:08
519-1,2,2,0:09,0:12
519-1,3,3,0:13,0:18
519-3,0,0,0:09,1:00
519-3,1,1,1:01,1:46
519-3,2,2,1:47,2:42
519-3,3,3,2:43,3:35
519-3,4,4,3:36,4:19
519-3,5,5,4:20,4:53
519-3,6,6,4:54,5:34
519-3,7,7,5:35,5:52
520-1,0,0,0:24,0:26
520-1,1,0,0:35,0:37
520-1,2,0,0:48,0:58
520-1,3,0,1:43,1:45
520-1,4,0,2:04,2:05
520-1,5,0,2:24,2:29
520-1,6,0,2:53,2:58
520-1,7,0,3:13,3:18
520-1,8,0,3:25,3:27
520-1,9,0,3:36,3:40
520-1,10,0,3:55,4:08
520-1,11,0,4:24,4:24
520-1,12,0,4:45,4:45
520-1,13,0,5:08,5:12
521-1,0,0,10:57,11:07
521-1,1,1,1:50,4:10
521-1,2,2,4:10,5:26
521-1,3,3,5:26,7:15
521-1,4,4,11:17,11:28
521-2,0,0,0:31,0:50
521-2,1,0,0:56,0:58
521-2,2,0,1:08,1:19
521-2,3,0,1:23,7:14
521-2,4,0,7:21,11:28
521-3,0,0,1:23,10:53
523-2,0,0,0:23,8:03
524-1,0,0,0:02,0:50
524-3,0,0,5:44,6:50
525-2,0,0,0:49,0:49
527-1,0,0,1:25,1:29
527-1,1,1,2:35,2:39
527-1,2,2,0:40,0:45
527-1,3,3,4:01,4:05
529-2,0,0,6:12,6:44
529-2,1,1,8:28,9:16
529-2,2,2,9:16,10:00
529-2,3,3,10:01,11:33
532-1,0,0,1:36,2:11
533-1,0,0,5:54,5:57
533-2,0,0,4:52,5:25
533-3,0,0,1:07,1:10
533-3,1,1,5:43,5:56
534-1,0,0,0:29,2:51
534-1,1,1,2:51,5:07
534-1,2,2,5:07,6:27
534-3,0,0,0:19,0:21
535-1,0,0,3:09,3:10
537-3,0,0,10:14,10:31
538-2,0,0,2:30,2:44
539-1,0,0,2:57,3:10
540-1,0,0,2:41,3:26
540-2,0,0,10:25,10:53
542-2,0,0,13:41,13:44
542-2,1,0,14:02,14:04
542-2,2,0,14:12,14:25
542-3,0,0,10:05,10:11
542-3,1,0,10:19,10:21
542-3,2,0,11:33,11:38
545-1,0,0,7:46,8:08
545-1,1,0,8:12,8:20
545-1,2,1,9:54,10:51
545-1,3,2,13:23,13:28
545-1,4,2,13:45,13:50
547-3,0,0,1:41,1:49
547-3,1,0,2:08,2:13
547-3,2,1,2:45,2:48
547-3,3,1,2:51,2:58
547-3,4,1,3:01,3:06
547-3,5,2,8:48,8:51
547-3,6,2,9:05,9:12
547-3,7,2,9:15,9:23
547-3,8,2,9:27,9:40
549-1,0,0,0:00,0:04
549-1,1,0,0:07,0:09
549-1,2,0,6:59,7:56
549-3,0,0,2:16,2:38
550-1,0,0,0:57,1:01
550-1,1,0,1:24,1:34
550-1,2,1,1:48,1:54
550-1,3,1,2:01,2:03
550-1,4,1,2:19,2:23
550-1,5,2,4:36,4:40
550-1,6,2,4:57,5:00
550-1,7,2,5:38,5:44
550-1,8,3,6:49,7:04
550-1,9,3,7:23,7:38
550-1,10,3,8:37,8:42
550-1,11,3,8:45,8:48
550-1,12,3,8:57,9:12
551-2,0,0,8:56,9:40
551-3,0,0,3:52,4:09
551-3,1,1,7:02,7:04
551-3,2,2,10:00,10:15
551-3,3,2,10:28,10:33
552-1,0,0,2:44,2:57
552-3,0,0,5:45,6:19
552-3,1,1,6:37,7:54
553-2,0,0,4:15,4:29
553-2,1,1,4:29,4:48
553-3,0,0,8:28,8:35
554-1,0,0,2:31,2:37
554-2,0,0,1:20,1:38
554-2,1,1,2:17,2:32
554-2,2,1,2:41,2:47
554-2,3,1,2:54,2:58
554-2,4,1,3:07,3:55
555-2,0,0,1:57,2:23
556-1,0,0,0:42,1:14
556-2,0,0,2:59,3:10
556-2,1,1,3:25,3:47
556-2,2,2,3:58,4:13
556-2,3,3,4:45,6:16
556-3,0,0,4:18,6:16
557-1,0,0,1:39,2:03
557-1,1,1,0:47,1:29
557-1,2,2,5:22,5:52
557-2,0,0,7:58,7:59
557-2,1,1,8:17,8:32
557-2,2,2,9:33,9:46
557-3,0,0,5:52,6:01
558-3,0,0,5:18,5:35
559-1,0,0,1:56,2:06
559-1,1,1,6:30,7:05
559-3,0,0,6:32,7:04
559-3,1,1,7:44,7:47
560-2,0,0,3:09,3:15
561-1,0,0,0:15,0:19
561-2,0,0,0:19,0:27
561-2,1,1,0:27,0:36
561-2,2,1,1:22,1:31
561-2,3,2,1:06,1:07
561-2,4,2,3:03,3:07
562-1,0,0,4:26,4:33
562-2,0,0,0:38,0:47
562-3,0,0,3:13,3:20
565-1,0,0,3:06,3:11
565-1,1,1,3:56,4:15
565-2,0,0,1:21,2:08
565-2,1,1,2:11,2:29
565-2,2,2,2:31,2:47
565-2,3,3,3:06,3:55
565-2,4,4,5:19,5:30
565-2,5,5,5:35,5:59
565-2,6,6,6:14,6:42
565-2,7,7,6:42,7:03
565-2,8,8,8:04,8:19
565-2,9,9,8:19,8:33
567-3,0,0,9:11,9:13
568-1,0,0,11:36,11:37
568-3,0,0,8:15,8:18
569-2,0,0,7:57,8:06
569-3,0,0,12:48,12:49
572-1,0,0,1:05,1:14
572-3,0,0,7:16,7:25
574-2,0,0,3:10,3:20
577-1,0,0,0:00,5:05
577-2,0,0,4:20,4:29
577-3,0,0,3:34,3:49
578-2,0,0,1:54,2:08
579-3,0,0,7:43,7:54
580-3,0,0,3:01,3:28
582-3,0,0,1:12,1:42
582-3,1,1,2:13,2:42
582-3,2,2,3:13,3:43
583-1,0,0,2:07,2:12
583-1,1,1,2:13,2:16
583-1,2,2,2:17,2:20
584-1,0,0,2:29,2:34
584-3,0,0,9:41,9:45
585-1,0,0,0:02,0:02
585-1,0,0,1:36,2:21
585-1,1,1,3:32,4:14
585-1,2,2,5:27,6:07
585-3,0,0,1:37,1:39
585-3,1,1,2:59,3:01
585-3,2,2,3:32,3:34
585-3,3,3,6:08,6:11
587-1,0,0,1:25,1:26
587-1,1,1,1:56,1:57
587-2,0,0,7:20,7:26
588-1,0,0,1:32,1:42
588-2,0,0,0:07,0:07
588-2,0,0,0:32,0:38
588-2,1,1,0:08,0:08
588-2,1,1,1:18,1:31
588-2,1,1,1:57,2:21
588-2,1,1,2:33,2:39
588-2,2,2,0:39,0:46
588-2,2,2,2:26,2:32
588-2,3,3,0:47,0:54
588-2,4,4,0:55,0:56
588-2,4,4,0:59,1:17
588-2,4,4,1:33,1:42
588-2,5,5,1:43,1:56
588-3,0,0,8:34,8:46
589-3,0,0,0:56,0:59
589-3,1,1,2:06,2:09
589-3,2,2,3:36,3:39
589-3,3,3,4:37,4:39
590-1,0,0,0:40,8:17
590-3,0,0,6:36,6:58
601-3,0,0,0:15,0:18
601-3,1,1,8:14,8:32
601-3,2,2,10:08,10:11
602-2,0,0,3:12,3:17
602-3,0,0,37:37,37:45
602-3,1,1,37:28,37:33
603-3,0,0,21:45,21:50
604-2,0,0,1:15,1:18
606-1,0,0,0:15,1:11
608-1,0,0,1:58,2:01
608-1,1,1,2:34,2:38
608-1,2,2,2:41,2:44
608-2,0,0,4:15,4:18
608-2,1,1,11:20,11:49
608-2,2,2,3:53,3:56
609-3,0,0,40:42,40:45
609-3,1,0,41:58,42:01
611-2,0,0,8:53,9:10
612-3,0,0,40:37,40:51
612-3,1,1,41:36,41:48
612-3,2,2,40:44,41:04
614-3,0,0,5:14,5:22
614-3,1,1,6:44,6:53
614-3,2,2,23:52,23:56
616-2,0,0,2:12,2:16
616-2,1,1,18:09,18:13
616-2,2,2,33:45,33:50
616-3,0,0,24:51,27:24
616-3,1,1,27:29,28:01
617-3,0,0,6:04,6:09
617-3,1,1,21:07,21:17
617-3,2,2,27:30,27:49
617-3,3,3,33:31,33:35
617-3,4,2,33:37,33:55
617-3,5,4,33:44,33:49
623-3,0,0,26:05,27:28
625-3,0,0,7:59,8:16
626-2,0,0,14:51,14:59
626-3,0,0,25:39,30:32
626-3,1,1,16:48,20:51
626-3,2,2,3:02,7:16
627-1,0,0,8:41,8:41
627-1,1,1,30:22,30:33
627-1,2,2,24:15,24:36
628-1,0,0,34:38,34:43
628-1,1,1,36:34,36:40
628-1,2,2,20:36,20:39
628-2,0,0,44:00,46:55
628-2,1,1,20:26,22:00
628-2,2,2,28:02,30:07
628-2,3,3,13:51,14:09
629-3,0,0,13:19,13:30
629-3,1,0,13:37,13:39
629-3,2,0,15:05,15:10
629-3,3,0,15:14,15:18
629-3,4,0,17:15,17:23
629-3,5,0,17:28,17:30
629-3,6,0,20:46,20:50
629-3,7,0,20:53,21:23
629-3,8,0,25:55,25:59
629-3,9,0,26:03,26:08
629-3,10,0,26:12,26:14
629-3,11,0,31:26,31:31
629-3,12,0,31:35,31:58
629-3,13,0,37:10,37:22
629-3,14,1,24:14,24:19
629-3,15,1,25:26,25:29
629-3,16,2,25:27,25:30
629-3,17,3,1:09,1:12
629-3,18,3,4:16,4:27
629-3,19,3,4:48,4:52
629-3,20,3,6:28,6:31
629-3,21,3,20:57,21:23
629-3,22,3,24:05,24:39
629-3,23,3,25:42,25:44
629-3,24,3,29:46,29:51
630-2,0,0,0:47,8:17
630-2,1,0,8:35,12:04
630-2,2,0,39:02,41:27
630-2,3,1,12:21,19:00
630-2,4,1,36:08,39:00
630-2,5,2,19:00,26:56
630-2,6,2,41:50,43:01
630-2,7,3,30:27,34:50
630-2,8,3,35:19,35:49
634-2,0,0,15:41,15:41
634-2,1,1,17:09,17:09
634-2,2,2,20:48,20:48
636-2,0,0,23:53,24:31
638-3,0,0,21:15,22:24
639-2,0,0,5:25,6:13
639-2,1,1,12:54,13:07
639-2,2,1,20:07,20:19
641-2,0,0,5:52,5:57
641-2,1,1,19:51,19:58
641-2,2,2,30:39,30:42
644-1,0,0,25:01,25:23
646-1,0,0,9:02,9:09
646-1,1,1,20:15,20:21
646-1,2,2,28:34,28:38
646-1,3,3,39:04,39:11
646-3,0,0,4:58,5:02
646-3,1,1,18:59,19:11
646-3,2,2,22:38,22:41
647-1,0,0,1:39,1:41
647-1,1,1,10:44,10:47
647-1,2,2,19:11,19:13
647-1,3,3,27:07,27:09
647-2,0,0,1:39,2:11
648-1,0,0,28:20,31:00
648-1,1,1,23:59,24:09
648-1,2,2,6:53,8:23
648-2,0,0,6:53,6:55
648-2,1,1,10:51,10:54
648-2,2,2,19:48,19:49
648-2,3,3,28:30,28:33
650-2,0,0,5:42,9:12
650-2,1,1,36:39,44:44
651-1,0,0,1:47,1:53
651-1,1,1,2:00,2:02
651-1,2,2,2:03,2:05
651-2,0,0,15:23,15:49
652-2,0,0,18:29,18:30
656-2,0,0,23:45,23:51
658-3,0,0,26:58,27:03
658-3,1,1,27:21,27:27
658-3,2,2,28:34,28:34
659-1,0,0,4:52,4:53
659-3,0,0,36:57,37:20
661-2,0,0,12:58,13:10
662-3,0,0,35:37,35:53
666-2,0,0,20:53,21:00
667-1,0,0,3:59,4:01
667-2,0,0,6:05,6:16
667-2,1,0,10:24,10:28
667-2,2,0,14:47,14:54
667-3,0,0,3:35,4:05
667-3,1,0,5:00,5:12
667-3,2,1,6:26,7:13
667-3,3,1,8:09,8:28
667-3,4,2,10:15,10:35
667-3,5,3,14:35,14:59
669-1,0,0,0:52,2:14
669-1,1,0,2:14,2:38
669-1,2,0,2:38,3:12
669-1,3,0,3:12,4:01
669-1,4,0,4:01,4:53
669-1,5,0,4:53,5:56
669-1,6,0,5:56,7:19
669-1,7,0,7:19,8:17
669-1,8,0,8:17,8:54
669-1,9,0,8:54,10:00
669-1,10,0,10:00,10:35
669-1,11,0,10:41,12:15
669-1,12,0,12:15,13:26
669-1,13,0,13:26,14:09
669-1,14,0,14:09,15:42
669-1,15,0,15:47,17:54
669-1,16,0,17:54,19:32
669-1,17,0,19:37,20:42
669-1,18,0,20:42,20:59
669-1,19,0,20:59,22:34
669-1,20,0,22:38,24:04
669-1,21,0,24:04,26:01
669-1,22,0,26:01,27:12
669-1,23,0,27:12,29:29
669-1,24,0,29:29,29:51
669-3,0,0,25:36,25:42
670-2,0,0,25:14,25:25
670-3,0,0,32:58,33:28
671-2,0,0,5:24,5:45
671-2,1,1,5:45,6:12
671-2,2,2,10:45,14:13
671-2,3,3,8:30,8:47
672-2,0,0,28:03,28:34
672-2,1,1,5:21,6:01
672-2,2,2,20:13,20:45
672-2,3,3,11:05,11:30
672-3,0,0,10:25,10:27
672-3,0,0,10:10,21:22
674-2,0,0,8:00,15:06
674-2,1,1,1:18,1:59
674-2,2,2,2:27,5:39
674-2,3,3,5:39,7:47
675-2,0,0,2:13,4:45
675-2,1,1,13:30,14:29
675-2,2,2,21:25,22:11
675-2,3,3,29:59,31:14
676-2,0,0,4:09,4:19
676-2,1,1,14:02,14:17
676-2,2,2,25:53,25:58
676-2,3,3,34:07,34:17
676-2,4,4,36:48,36:54
677-2,0,0,8:22,9:27
677-2,1,1,9:28,10:53
677-2,2,2,10:55,12:21
677-2,3,3,12:22,14:23
677-2,4,4,14:55,15:05
680-2,0,0,3:01,3:03
680-2,1,1,12:20,12:22
680-2,2,2,35:49,35:51
680-2,3,3,47:04,47:06
682-1,0,0,0:00,0:15
682-2,0,0,8:24,8:56
682-2,1,1,11:20,11:47
682-2,2,2,15:01,15:07
682-3,0,0,42:43,43:13
682-3,1,1,28:02,28:04
684-3,0,0,1:25,1:31
687-1,0,0,0:46,0:47
687-1,1,1,1:14,1:18
687-1,2,2,1:35,1:39
687-1,3,3,2:02,2:04
687-1,4,4,2:09,2:10
687-1,5,5,2:39,2:40
687-1,6,6,3:13,3:13
687-1,7,7,3:47,3:51
687-1,8,8,5:41,5:44
687-1,9,9,6:15,6:16
687-1,10,10,7:00,7:01
687-1,11,11,7:24,7:26
687-1,12,12,8:11,8:12
687-2,0,0,21:05,22:07
687-2,1,0,22:10,22:16
687-2,2,0,22:19,22:19
687-2,3,0,22:21,22:21
687-2,4,0,22:23,22:23
687-2,5,0,22:25,22:30
687-2,6,0,22:35,23:02
687-2,7,0,23:05,23:24
687-2,8,0,23:29,23:33
687-2,9,0,23:35,23:35
687-2,10,0,23:37,23:40
687-2,11,0,23:43,23:58
687-2,12,0,24:23,25:27
688-2,0,0,34:32,41:30
690-1,0,0,10:28,10:30
690-1,1,1,9:28,9:29
690-1,2,2,6:44,6:44
690-1,3,3,28:54,28:57
691-3,0,0,9:43,9:48
691-3,1,1,11:33,12:23
691-3,2,1,16:11,16:26
691-3,3,1,33:37,33:50
691-3,4,1,35:01,35:07
691-3,5,1,35:17,35:29
691-3,6,1,35:30,35:40
692-1,0,0,7:36,8:40
692-1,1,1,8:49,10:03
692-2,0,0,10:31,11:53
692-2,1,1,13:17,14:11
692-2,2,1,16:56,17:55
692-2,3,1,18:39,19:59
692-2,4,1,20:40,21:15
692-2,5,1,23:00,24:39
698-2,0,0,20:25,20:31
698-2,1,1,8:55,8:57
698-2,2,2,19:01,19:16
699-2,0,0,0:10,0:13
699-2,1,0,0:28,0:29
699-2,2,0,5:27,5:29
699-2,3,0,5:34,5:41
700-2,0,0,22:43,23:22
700-2,1,1,33:50,48:21
703-1,0,0,2:29,2:41
704-1,0,0,4:52,5:02
704-1,1,0,5:15,5:19
706-1,0,0,0:06,0:06
706-1,1,0,0:08,0:08
706-1,2,0,0:14,0:14
706-1,3,0,0:16,0:16
708-1,0,0,1:22,1:28
708-1,1,0,1:31,1:31
708-1,2,0,2:29,2:34
708-3,0,0,4:27,4:29
709-1,0,0,31:55,32:05
709-1,1,0,32:17,32:20
709-1,2,0,32:27,32:33
709-1,3,0,32:39,32:39
709-1,4,0,32:43,32:59
709-1,5,0,33:01,33:30
709-1,6,0,33:34,33:37
709-1,7,0,33:40,33:44
709-1,8,0,33:55,33:55
709-1,9,0,34:03,34:10
709-1,10,0,34:23,34:35
709-1,11,0,34:40,35:02
710-1,0,0,0:37,0:59
711-3,0,0,41:18,41:21
712-1,0,0,0:25,44:25
712-3,0,0,40:11,42:05
713-1,0,0,13:32,13:41
713-3,0,0,36:43,36:56
716-1,0,0,0:20,0:25
716-1,1,1,5:08,5:14
716-1,2,2,5:48,6:12
716-1,3,2,8:02,8:09
716-1,4,2,8:23,8:29
716-1,5,2,11:38,11:43
716-1,6,2,30:48,30:53
716-1,7,3,30:20,31:54
716-1,8,4,35:48,36:03
716-2,0,0,0:34,0:36
716-2,1,0,15:44,15:58
716-2,2,0,17:17,17:36
716-2,3,0,25:46,26:05
716-2,4,0,31:38,31:47
716-2,5,1,20:16,20:35
717-2,0,0,2:27,2:56
718-1,0,0,1:07,1:08
721-3,0,0,26:29,26:44
723-3,0,0,43:05,43:53
724-3,0,0,25:50,25:59
725-1,0,0,10:22,13:51
726-1,0,0,12:17,12:55
728-1,0,0,18:16,18:34
729-2,0,0,34:34,43:30
729-3,0,0,13:20,13:26
730-1,0,0,37:54,37:57
730-1,1,0,38:17,38:20
730-1,2,0,39:04,39:06
730-1,3,0,40:24,40:47
730-1,4,1,39:53,40:21
733-1,0,0,2:41,2:50
735-2,0,0,2:10,2:38
735-2,1,1,19:23,19:32
737-3,0,0,50:50,50:50
738-2,0,0,0:21,0:27
739-2,0,0,0:49,0:51
739-2,1,0,7:52,7:54
739-2,2,0,20:04,20:07
739-3,0,0,3:58,5:08
739-3,1,0,5:19,5:19
739-3,2,0,7:56,8:03
739-3,3,0,20:21,22:19
739-3,4,0,9:52,10:04
739-3,5,1,5:46,5:46
739-3,6,2,9:42,9:44
739-3,7,3,14:34,14:36
739-3,8,4,19:59,20:04
742-1,0,0,9:14,9:47
742-1,1,0,12:08,12:35
742-1,2,0,17:31,18:12
742-1,3,0,22:24,22:54
742-1,4,0,26:16,26:37
742-3,0,0,12:32,12:32
742-3,1,1,15:42,15:42
743-2,0,0,30:29,30:30
743-3,0,0,2:41,4:31
743-3,1,1,14:33,16:05
743-3,2,2,8:09,11:32
743-3,3,3,11:32,14:32
744-1,0,0,28:49,28:56
744-3,0,0,15:13,15:16
744-3,1,1,28:28,28:35
746-1,0,0,19:32,19:34
746-1,1,1,20:16,20:17
746-1,2,2,21:53,21:54
746-1,3,3,25:04,25:08
746-1,4,4,29:28,29:32
746-1,5,5,32:48,32:52
746-1,6,6,33:52,33:58
746-1,7,7,40:22,40:29
746-1,8,8,43:04,43:12
746-1,9,9,45:10,45:13
746-1,10,10,46:51,46:54
746-1,11,11,51:43,51:49
746-1,12,12,52:34,52:39
746-1,13,13,53:51,53:55
746-2,0,0,25:13,29:29
747-2,0,0,22:44,22:46
747-2,1,1,23:31,23:33
747-2,2,2,24:07,24:09
747-2,3,3,26:43,26:46
751-2,0,0,18:39,18:43
751-2,1,1,26:40,26:47
752-3,0,0,27:33,27:41
753-3,0,0,0:00,0:24
755-3,0,0,3:41,4:07
755-3,1,1,5:41,6:14
755-3,2,2,11:58,12:09
755-3,3,3,14:30,14:49
755-3,4,4,15:36,15:51
755-3,5,5,20:38,20:50
755-3,6,6,21:28,21:38
755-3,7,7,22:33,22:46
755-3,8,8,24:13,24:25
755-3,9,9,25:16,25:25
755-3,10,10,29:37,29:49
756-3,0,0,0:05,0:06
756-3,1,0,0:19,0:20
756-3,2,0,0:23,0:32
756-3,3,0,0:42,0:44
756-3,4,0,0:52,0:53
756-3,5,0,0:57,0:58
756-3,6,0,1:22,1:24
756-3,7,0,1:29,1:29
756-3,8,0,1:45,1:46
756-3,9,0,1:51,1:52
756-3,10,0,1:57,1:58
756-3,11,0,2:19,2:20
756-3,12,0,2:27,2:28
756-3,13,0,2:41,2:44
756-3,14,0,3:06,3:07
756-3,15,0,3:22,3:25
756-3,16,0,3:32,3:33
756-3,17,0,3:37,3:38
756-3,18,0,3:49,3:50
756-3,19,0,3:58,3:59
756-3,20,0,4:08,4:09
756-3,21,0,4:30,4:32
756-3,22,0,4:36,4:37
756-3,23,0,4:48,4:49
756-3,24,0,4:56,4:57
756-3,25,0,5:05,5:08
756-3,26,0,5:12,5:13
756-3,27,0,5:35,5:36
756-3,28,0,5:49,5:50
756-3,29,0,5:57,6:00
756-3,30,0,6:03,6:04
756-3,31,0,6:11,6:12
756-3,32,0,6:24,6:25
756-3,33,0,6:33,6:37
756-3,34,0,6:45,6:47
756-3,35,0,6:52,6:53
756-3,36,0,6:59,7:00
756-3,37,0,7:03,7:04
756-3,38,0,7:10,7:11
756-3,39,0,7:16,7:17
756-3,40,0,7:22,7:23
756-3,41,0,7:28,7:29
756-3,42,0,7:38,7:39
756-3,43,0,7:43,7:48
756-3,44,0,7:51,7:52
756-3,45,0,8:29,8:30
756-3,46,0,8:39,8:41
756-3,47,0,8:44,8:45
756-3,48,0,8:49,8:50
756-3,49,0,13:42,13:43
756-3,50,0,13:47,13:48
756-3,51,0,14:04,14:05
756-3,52,0,14:10,14:11
756-3,53,0,14:15,14:15
756-3,54,0,14:23,14:32
756-3,55,0,14:40,14:41
756-3,56,0,14:49,14:50
756-3,57,0,14:59,15:00
756-3,58,0,15:05,15:06
756-3,59,0,15:14,15:15
756-3,60,0,16:31,16:32
756-3,61,0,16:39,16:40
756-3,62,0,17:03,17:04
756-3,63,0,17:32,17:33
756-3,64,0,17:40,17:41
756-3,65,0,17:49,17:50
756-3,66,0,18:07,18:08
756-3,67,0,18:16,18:17
756-3,68,0,18:22,18:23
756-3,69,0,18:33,18:34
756-3,70,0,18:41,18:42
756-3,71,0,18:48,18:49
756-3,72,0,19:06,19:07
756-3,73,0,19:14,19:15
756-3,74,0,19:24,19:25
756-3,75,0,19:45,19:48
756-3,76,0,19:54,19:55
756-3,77,0,20:12,20:14
756-3,78,0,21:16,21:17
756-3,79,0,21:25,21:26
756-3,80,0,21:36,21:37
756-3,81,0,21:49,21:50
756-3,82,0,22:08,22:09
756-3,83,0,22:19,22:20
756-3,84,0,22:30,22:31
756-3,85,0,22:41,22:42
756-3,86,0,22:55,22:56
756-3,87,0,23:03,23:04
756-3,88,0,23:08,23:09
756-3,89,0,23:13,23:14
756-3,90,0,23:27,23:28
756-3,91,0,23:34,23:35
756-3,92,0,23:42,23:43
756-3,93,0,23:47,23:48
756-3,94,0,23:55,23:56
756-3,95,0,24:04,24:05
756-3,96,0,24:25,24:26
756-3,97,0,24:32,24:33
756-3,98,0,24:41,24:42
756-3,99,0,24:48,24:49
756-3,100,0,24:57,24:58
756-3,101,0,25:08,25:12
756-3,102,0,25:19,25:22
756-3,103,0,25:36,25:37
756-3,104,0,25:44,25:45
756-3,105,0,25:53,25:54
756-3,106,0,26:04,26:05
756-3,107,0,26:13,26:14
756-3,108,0,26:29,26:30
756-3,109,0,26:42,26:43
756-3,110,0,26:54,26:55
756-3,111,0,27:02,27:03
756-3,112,0,27:09,27:10
756-3,113,0,27:23,27:24
756-3,114,0,27:39,27:40
756-3,115,0,27:52,27:53
756-3,116,0,28:03,28:04
756-3,117,0,28:11,28:12
756-3,118,0,28:17,28:18
756-3,119,0,28:26,28:27
756-3,120,0,28:31,28:32
756-3,121,0,28:41,28:42
756-3,122,0,28:50,28:51
756-3,123,0,28:56,28:57
756-3,124,0,29:15,29:16
756-3,125,0,29:26,29:27
756-3,126,0,29:35,29:36
756-3,127,0,29:46,29:47
756-3,128,0,30:03,30:04
756-3,129,0,30:16,30:17
756-3,130,0,30:27,30:29
756-3,131,0,30:44,30:45
756-3,132,0,30:56,30:57
756-3,133,0,31:06,31:07
757-3,0,0,38:35,45:17
759-3,0,0,13:40,16:58
761-2,0,0,15:07,15:10
761-2,1,1,15:24,15:29
761-2,2,1,15:33,15:33
761-2,3,2,15:34,15:39
761-3,0,0,35:02,35:25
762-1,0,0,6:06,6:12
762-1,1,1,6:24,6:34
764-2,0,0,24:37,25:05
764-3,0,0,20:51,20:57
764-3,1,1,24:01,24:07
765-2,0,0,2:14,2:23
765-2,1,1,31:35,31:42
765-3,0,0,13:11,13:54
765-3,1,0,14:01,14:33
765-3,2,1,33:20,33:27
767-3,0,0,30:36,30:58
769-1,0,0,10:33,11:28
769-1,1,0,10:55,11:28
769-1,2,1,11:30,11:34
769-1,3,2,37:09,37:29
771-2,0,0,26:06,26:06
771-3,0,0,32:57,33:04
773-2,0,0,46:36,46:38
776-2,0,0,7:17,11:16
777-2,0,0,34:07,34:33
777-3,0,0,0:49,0:57
779-2,0,0,4:27,5:04
779-2,1,1,33:45,40:15
780-1,0,0,7:32,9:43
780-1,1,1,10:51,12:42
780-1,2,2,13:53,15:49
780-1,3,3,18:22,20:13
780-1,4,4,21:43,23:21
780-1,5,5,24:43,26:26
780-1,6,6,27:42,29:23
780-1,7,7,30:46,32:19
780-1,8,8,34:10,35:46
780-2,0,0,17:36,21:12
781-1,0,0,16:19,19:36
786-3,0,0,10:16,11:35
786-3,1,1,13:33,21:39
786-3,2,2,31:37,33:12
787-2,0,0,49:44,50:57
789-2,0,0,1:32,2:09
789-2,1,1,3:49,5:05
790-3,0,0,13:15,16:15
791-1,0,0,14:38,18:42
791-1,1,1,26:12,30:05
791-1,2,2,2:36,2:58
791-1,3,3,7:56,11:57
791-1,4,4,21:30,26:12
792-1,0,0,0:03,1:39
792-1,1,1,1:56,3:51
792-1,2,2,4:00,6:07
792-1,3,3,6:10,9:11
792-1,4,4,9:19,11:26
792-1,5,5,11:41,13:18
792-1,6,6,13:26,17:38
792-1,7,7,17:38,19:19
792-1,8,8,19:30,21:15
792-1,9,9,21:27,24:46
794-3,0,0,40:41,41:12
795-2,0,0,8:32,9:39
795-2,1,1,19:09,20:09
795-2,2,2,27:46,28:51
795-2,3,3,39:09,41:14
799-3,0,0,38:46,39:35
800-1,0,0,6:21,10:04
800-1,1,1,10:10,15:14
800-1,2,2,15:16,27:27
800-1,3,3,27:28,31:40
801-1,0,0,1:15,1:17
801-1,1,1,7:32,8:16
801-2,0,0,20:16,22:15
801-3,0,0,35:51,35:59
801-3,1,1,36:00,36:09
803-1,0,0,15:09,16:09
803-1,1,1,16:36,16:54
804-3,0,0,36:42,36:42
804-3,1,0,39:00,39:07
808-2,0,0,14:25,14:37
808-2,1,1,14:39,18:45
808-3,0,0,27:07,27:42
808-3,1,1,28:33,28:45
809-3,0,0,2:01,2:16
809-3,1,1,15:24,15:38
811-1,0,0,2:52,2:53
811-1,1,0,2:55,2:57
811-1,2,0,3:04,3:04
811-1,3,0,3:07,3:13
811-1,4,0,3:15,3:15
811-1,5,0,3:18,3:20
811-1,6,1,23:20,23:20
811-1,7,1,23:24,23:24
811-1,8,1,23:26,23:27
811-1,9,1,23:30,23:32
811-1,10,1,23:34,23:34
811-1,11,1,23:37,23:41
811-1,12,1,23:44,23:44
811-1,13,1,23:46,23:47
811-1,14,1,23:50,23:50
811-1,15,1,23:54,23:55
811-1,16,1,23:58,24:00
811-1,17,1,24:02,24:03
811-1,18,1,24:24,24:24
811-1,19,2,31:18,31:26
811-3,0,0,0:13,3:29
811-3,1,1,21:45,24:25
812-3,0,0,17:52,20:09
820-3,0,0,8:02,9:43
820-3,1,1,38:59,40:29
822-1,0,0,0:16,0:19
822-1,1,1,9:42,9:45
822-1,2,2,14:19,14:20
822-1,3,3,21:56,21:59
822-1,4,4,24:12,24:15
823-2,0,0,4:01,5:18
823-2,1,0,5:31,6:26
823-2,2,1,5:20,5:33
823-2,3,1,5:46,6:06
823-2,4,1,6:18,6:22
823-2,5,1,6:32,7:05
823-2,6,1,7:13,9:53
823-2,7,1,9:55,12:13
823-2,8,1,12:29,16:03
823-2,9,1,16:16,18:07
823-2,10,1,30:02,32:41
823-2,11,2,7:07,8:31
823-2,12,2,9:12,9:53
823-2,13,2,16:04,16:43
823-2,14,2,17:24,18:07
823-2,15,2,17:49,18:07
825-2,0,0,4:13,7:18
825-2,1,1,10:14,12:51
825-2,2,2,20:56,22:28
825-2,3,3,32:17,34:07
826-1,0,0,9:15,10:40
826-2,0,0,4:12,4:48
826-2,1,1,6:45,7:18
826-2,2,1,12:11,12:47
826-2,3,2,20:11,20:11
826-2,4,3,26:40,26:54
827-1,0,0,3:37,4:47
827-1,1,1,11:00,16:12
827-1,2,1,17:05,18:54
827-1,3,1,20:18,20:49
827-1,4,1,21:30,21:45
827-1,5,1,22:45,23:48
827-1,6,1,24:01,24:49
827-1,7,2,27:29,28:08
827-1,8,2,31:45,34:01
827-2,0,0,0:23,4:50
827-2,1,0,5:41,6:52
827-2,2,0,8:28,10:59
827-2,3,0,12:31,13:59
827-2,4,0,15:47,18:54
827-2,5,1,4:50,5:41
827-2,6,2,11:00,12:31
827-2,7,2,13:59,15:47
827-2,8,2,24:50,25:18
827-2,9,2,28:53,29:02
827-2,10,3,18:54,18:58
827-2,11,3,19:06,23:48
827-2,12,4,23:48,24:49
827-2,13,5,18:58,19:02
827-2,14,6,24:50,25:18
827-2,15,6,26:37,26:50
827-2,16,7,27:28,28:26
827-2,17,7,28:36,28:53
827-2,18,7,29:09,34:29
827-2,19,7,35:40,37:19
827-2,20,7,37:31,38:36
827-2,21,8,34:30,34:30
828-1,0,0,17:40,17:40
829-1,0,0,2:37,3:00
829-1,1,1,47:38,47:56
829-2,0,0,2:38,3:00
829-2,1,1,5:42,6:17
829-2,2,2,8:23,9:05
829-2,3,3,11:34,11:56
829-2,4,4,13:28,13:42
829-2,5,5,15:19,15:49
829-2,6,6,17:46,18:11
829-2,7,7,19:25,19:46
829-2,8,8,22:09,22:27
829-2,9,9,26:38,27:04
829-2,10,10,29:18,29:31
829-2,11,11,31:49,32:18
829-2,12,12,33:12,33:24
829-2,13,13,34:44,34:56
829-2,14,14,36:02,36:22
829-2,15,15,39:24,39:48
829-2,16,16,42:15,42:35
829-2,17,17,43:48,44:08
829-2,18,18,44:42,44:56
829-2,19,19,47:37,47:56
831-2,0,0,6:54,6:57
831-2,1,1,8:53,9:01
831-2,2,2,9:03,9:14
831-3,0,0,16:15,16:38
831-3,1,1,16:56,17:03
832-1,0,0,3:52,3:52
832-1,1,0,32:29,32:35
832-2,0,0,0:19,0:27
833-1,0,0,9:20,9:23
833-2,0,0,0:57,1:04
833-2,1,1,27:51,27:54
834-3,0,0,4:26,6:34
834-3,1,0,13:41,14:30
834-3,2,1,15:26,15:59
834-3,3,2,19:50,20:03
835-1,0,0,28:14,28:19
836-1,0,0,0:32,0:34
836-1,1,0,0:42,0:43
836-1,2,0,0:54,1:18
836-1,3,0,1:32,1:37
836-1,4,0,2:05,2:55
837-1,0,0,6:16,6:24
837-2,0,0,45:56,46:13
837-2,1,1,46:19,46:24
838-2,0,0,17:03,17:19
838-2,1,1,17:47,19:51
838-2,2,2,20:23,21:10
838-2,3,3,22:35,23:20
838-2,4,4,23:20,25:13
839-1,0,0,12:28,12:29
839-1,1,1,26:28,26:33
839-1,2,2,33:10,33:42
839-1,3,2,33:57,34:09
839-1,4,2,34:23,34:54
839-2,0,0,0:00,0:31
839-2,1,1,3:53,4:03
839-2,2,1,5:48,5:57
840-3,0,0,39:44,39:46
840-3,1,1,45:17,46:07
842-1,0,0,18:21,18:21
843-1,0,0,31:29,31:40
844-3,0,0,9:04,9:43
844-3,1,0,13:20,13:37
844-3,2,0,14:01,14:14
844-3,3,1,21:26,21:32
844-3,4,2,23:00,23:03
845-2,0,0,20:03,21:08
847-2,0,0,0:04,0:14
847-2,1,0,4:42,4:44
847-2,2,0,5:42,5:45
847-2,3,0,7:14,7:15
847-2,4,0,8:32,8:35
847-2,5,0,11:10,11:13
847-2,6,0,11:40,11:44
847-2,7,0,13:37,13:40
847-2,8,0,18:32,18:35
847-2,9,0,20:20,20:22
847-2,10,0,23:27,23:32
847-2,11,0,23:37,23:42
847-2,12,0,26:05,26:14
847-2,13,0,26:53,26:56
847-2,14,0,31:48,31:58
847-2,15,1,1:01,1:18
847-2,16,1,3:09,3:58
847-2,17,1,4:07,30:51
847-3,0,0,29:27,29:33
847-3,1,1,17:58,18:10
847-3,2,1,18:19,18:21
847-3,3,1,18:28,18:31
847-3,4,1,18:35,18:44
847-3,5,1,18:50,18:59
848-3,0,0,21:15,21:37
850-1,0,0,9:56,10:42
850-2,0,0,21:39,22:09
850-2,1,1,23:05,23:12
850-2,2,2,24:43,24:43
850-2,3,2,24:47,25:01
850-3,1,1,45:33,46:05
850-3,2,2,49:09,52:08
851-2,0,0,13:35,13:40
851-3,0,0,20:46,21:16
851-3,1,1,21:27,21:32
852-2,0,0,5:14,5:22
852-3,0,0,5:15,5:22
852-3,1,1,19:54,21:15
853-2,0,0,17:30,17:35
853-3,0,0,23:49,26:14
853-3,1,0,26:51,27:08
854-3,0,0,28:40,30:03
854-3,1,1,30:40,31:03
855-1,0,0,5:04,5:43
855-1,1,1,18:16,18:48
856-3,0,0,2:41,2:48
856-3,1,1,4:14,4:23
856-3,2,1,4:34,4:35
856-3,3,1,4:47,4:51
856-3,4,1,5:00,8:09
856-3,5,2,11:55,12:04
857-1,0,0,7:36,8:10
857-1,1,0,9:32,9:52
857-1,2,1,9:53,10:16
857-1,3,1,10:30,10:51
857-1,4,1,11:08,12:49
857-2,0,0,19:46,22:52
858-2,0,0,13:22,13:34
858-3,0,0,21:57,22:10
859-1,0,0,14:13,14:14
860-1,0,0,5:10,8:23
860-1,1,1,8:23,10:03
860-1,2,2,13:37,14:25
861-2,0,0,4:11,4:49
861-2,1,1,5:11,5:23
861-2,2,2,13:05,13:46
861-2,3,2,15:58,16:14
864-1,0,0,33:54,33:56
864-3,0,0,3:06,3:18
864-3,1,1,14:50,14:51
864-3,2,2,27:35,27:39
865-1,0,0,4:22,5:31
865-1,1,1,10:26,11:53
865-1,2,2,18:48,20:01
865-1,3,3,29:56,31:18
865-1,4,4,34:31,36:08
866-1,0,0,25:33,25:59
866-1,1,1,27:46,27:53
866-1,2,2,28:33,28:46
866-1,3,3,30:14,30:33
866-2,0,0,6:09,9:03
866-2,1,1,13:01,13:26
867-1,0,0,0:34,0:39
867-1,1,1,18:27,18:32
867-1,2,2,34:08,34:12
868-2,0,0,0:55,0:59
868-2,1,1,8:21,8:34
868-2,2,2,13:41,13:46
868-2,3,3,14:38,14:44
868-2,4,4,16:03,16:14
871-2,0,0,8:44,8:50
871-2,1,0,9:53,15:11
871-2,2,0,16:09,20:09
871-2,3,0,21:02,24:24
873-2,0,0,0:56,38:59
873-3,0,0,12:17,12:19
873-3,1,0,12:22,12:30
873-3,2,0,38:30,38:34
874-1,0,0,4:24,4:26
874-1,1,1,4:27,4:28
874-1,2,1,4:38,4:39
874-1,3,2,4:40,4:41
874-1,4,2,4:45,5:11
874-2,0,0,10:53,11:23
874-2,1,1,13:30,14:17
874-2,2,2,14:18,14:19
875-1,0,0,0:43,0:48
875-1,1,0,23:51,23:59
875-1,2,0,34:02,34:10
875-1,3,1,0:10,0:17
875-1,4,1,0:19,0:41
875-1,5,1,0:54,3:25
875-1,6,1,3:43,3:49
875-1,7,1,3:51,4:01
875-1,8,1,4:03,4:28
875-1,9,1,4:31,5:38
875-1,10,1,5:41,6:37
875-1,11,1,6:40,7:39
875-1,12,1,7:52,7:59
875-1,13,1,8:06,8:24
875-1,14,1,8:38,8:57
875-1,15,1,9:01,9:50
875-1,16,1,9:53,13:27
875-1,17,1,13:46,13:48
875-1,18,1,13:54,13:56
875-1,19,1,13:58,14:05
875-1,20,1,14:07,14:11
875-1,21,1,14:15,14:35
875-1,22,1,14:38,14:41
875-1,23,1,14:48,14:50
875-1,24,1,14:53,14:56
875-1,25,1,15:00,15:04
875-1,26,1,15:07,15:09
875-1,27,1,15:11,15:12
875-1,28,1,15:21,15:37
875-1,29,1,15:47,16:11
875-1,30,1,16:18,18:48
875-1,31,1,18:56,20:49
875-1,32,1,20:57,21:12
875-1,33,1,21:19,21:27
875-1,34,1,21:34,22:24
875-1,35,1,22:32,22:44
875-1,36,1,22:48,23:48
875-1,37,1,23:52,24:42
875-1,38,1,24:50,27:28
875-1,39,1,27:51,28:54
875-1,40,1,28:56,29:10
875-1,41,1,29:12,29:16
875-1,42,1,29:22,29:43
875-1,43,1,29:51,32:22
875-1,44,1,32:31,33:58
875-1,45,1,34:04,35:24
875-1,46,1,35:42,35:48
875-1,47,1,35:55,36:24
875-1,48,1,36:27,36:36
875-1,49,1,36:47,37:13
875-1,50,1,37:18,37:20
875-1,51,1,37:24,38:02
875-1,52,1,38:17,39:10
875-1,53,1,39:13,39:45
875-1,54,1,39:58,41:52
875-1,55,1,42:02,43:42
875-1,56,1,43:48,43:51
875-1,57,1,43:54,45:34
875-1,58,1,45:46,46:03
875-1,59,1,46:08,46:54
875-1,60,1,47:13,48:58
875-1,61,1,49:13,49:58
876-1,0,0,0:19,0:21
876-1,1,1,3:46,5:50
876-2,0,0,31:20,31:37
876-2,1,0,32:07,33:47
878-1,0,0,4:20,5:27
880-2,0,0,15:44,16:59
881-1,0,0,4:22,4:24
881-1,1,0,6:00,6:02
881-1,2,0,8:59,9:01
881-1,3,0,9:16,9:18
881-1,4,0,14:10,14:13
881-1,5,0,16:23,16:24
881-1,6,0,30:31,30:34
882-1,0,0,19:21,19:45
882-1,1,0,20:38,20:49
882-1,2,1,21:16,21:23
882-1,3,1,21:57,22:04
882-2,0,0,25:54,26:08
883-3,0,0,1:09,1:14
883-3,1,1,13:50,13:56
883-3,2,2,23:23,23:32
883-3,3,3,33:34,34:11
883-3,4,4,37:05,37:13
883-3,5,5,44:31,44:39
886-1,0,0,15:01,15:42
886-2,0,0,23:31,24:52
886-2,1,1,24:52,26:08
886-2,2,2,26:08,27:05
886-2,3,3,27:05,28:16
886-2,4,4,28:16,28:54
887-3,0,0,0:30,6:00
887-3,1,0,6:00,10:55
887-3,2,0,10:55,15:55
887-3,3,0,15:55,20:57
887-3,4,0,20:57,26:02
888-2,0,0,13:46,14:40
890-2,0,0,20:20,21:41
890-2,1,1,29:08,29:30
890-3,0,0,30:18,30:24
890-3,1,1,30:33,30:41
890-3,2,2,30:43,30:52
890-3,3,3,30:55,31:04
890-3,4,4,31:05,31:18
890-3,5,5,31:21,31:53
